text,label,bio,predicted_label,true_label,confidence,is_correct
@USER Non tacciate #katiaricciarelli di omofobia solo perché ha utilizzato il termine ricchione perché è la persona che meno si avvicina all’omofobia che io conosca…credetemi!!! E ci sono centinaia di persone che possono andare in studio a testimonianza di ciò #gfvip6,0,Laureato in Scienze Politiche e delle Relazioni Internazionali. Appassionato di comunicazione politica. Dissidente di natura.,0,0,0.9994916,True
"@USER @USER Per qualcuno sono gay,per altri transgender, per latri ancora LGBT. Per so froci e rottinculo! Bloccatemi vigliacchi di Twitter",1,,0,1,0.9996755,False
"Tw // transfobia

porcodio io cerco di non portare tweet transfobici in tl perché mi seguono anche persone trans però cazzo se la pensate così bloccatemi subito",0,"#MADSEASON : I'm above, over you I'm standing above, claiming unconditional love //  bisexual // ❖⁴
•she/her•",0,0,0.9998282,True
"""Presupporre che tutti i bisessuali non sono mai attratti da persone trans o genderqueer è dannoso, non solo per gli individui bisessuali, ma anche per gli individui trans e genderqueer che scelgono di etichettarsi come bisessuali"" URL",0,𝓕𝓲𝓵𝓵𝓮𝓭 𝔀𝓲𝓽𝓱 𝓯𝓾𝓻𝔂 𝓪𝓷𝓭 𝓼𝓽𝓪𝓻𝓻𝔂 𝓮𝔂𝓮𝓭,0,0,0.9998216,True
con queste modifiche vogliono tagliare fuori la tutela delle persone trans dal ddl zan quando la comunità lgbtq deve tutto alle persone trans quindi veramente non so se ridere dalla disperazione o piangere,0,"#loki: a bit of both                                                              
virgo ☉ capricorn ⤉ virgo ☾ | 
infj | bi mess🐸",0,0,0.9998292,True
"@USER Se pensi alla Brennan, per cui le trans sono uomini che attuano una transizione per accedere a luoghi riservati alle donne (bagni pubblici - spogliatoi) e poterle violentate... 
Io così 😮
Quando trasformi una tua opinione in un credo e ti ci perdi, diventi fanatic* e addio ratio",0,"pensieri a caso, ma solo della 9 a mezzanotte, altrimenti rischio di perdere la scarpetta.",0,0,0.9998354,True
ho appena sentito usare “frocio” a mio padre con fierezza,1,They She * currently thinking ab louis n niall URL,1,1,0.9994797,True
"Oltre che molto bello, importante per capire la lotta trans oggi e anche le sue rigidità che talvolta ci appaiono eccessive e ideologiche: la necessità di passare da cittadini di serie B a persone vere, vive e poi, spesso, non più.",0,"Scrivo, traduco, mi occupo di libri altrui. Città sommersa (Bompiani, gennaio 2020). Ciudad sumergida (Literatura Random House, gennaio 2021).",0,0,0.99983346,True
"tw // transfobia

tutt* pro salute mentale a farvi bell* nel suicide awareness month ma essere trans è un”sentire dentro la testa”, almeno siate coerenti",0,socfem • l’ambizione della mia vita è avere un cagnolino • in testa ho più insicurezze che ricci • she/her,0,0,0.9998276,True
"@USER Allora , con la scusa di tutelare  diritti gay/ trans si condanna fino a 4 anni chi appartiene ad associazioni che siano contrarie alle adozioni / matrimoni per le coppie dello stesso sesso,,sono reati ideologici,,in Italia chi picchia offende gay trans già va in galera,,1/2",0,🇮🇹nero come la notte stellata 🇮🇹,0,0,0.9998281,True
"Siamo quasi al mese del pride, invece di comprare stronzate arcobalenose da mega industrie AIUTATE UN RAGAZZO TRANS A ANDARSENE DI CASA E INIZIARE LA TRANSIZIONE⬇️⬇️",0,barb // 22 // he/they // queer not terf // non-binary nightmare // aspirante artista/antropologo/sugar baby,0,0,0.9998085,True
"@USER Il #Pride nn è solo la festa dei “Froci”, cm molti purtropp la definiscon: qst manifestazione nn si limita ad esser portavoc dei soli #omosessuali, bensì incita tutti i cittadini ad esser loro stessi, inserendosi tra colori e festeggiamenti, senz timore d esser giudicati (1/2)",0,"Dream as if you could live forever, live as if you were going to die today. J. Dean || ѵҽղҽՀօӀɑղօ || íղԵҽɾíՏԵɑ || БíɾíƘíղօ ړײ #NoTengoFacebook",0,0,0.9983365,True
"""tu difendi i diritti dei trans solo perché lo è tuo cugino""
Ehm no??? Li difendevo anche prima perché sono, non lo so, dei cazzo di esseri umani? Forse eh, deficienti",0,slytherin | 火 | acmilan | music | ◢ ◤ | kakà | lg(b)t+ | she/her,0,0,0.999833,True
"tommaso è da anni che lotta per i suoi diritti, cammina per strada e si sente urlare frocio di merda e davanti all'ostacolo da parte della politica sui suoi diritti dovrebbe stare calmo?non ha insultato nessuno,ha portato rispetto a chi invece il rispetto non lo porta mai #tzvip",0,buona l'acqua,0,0,0.99580306,True
"- Non c’è bisogno di essere omosessuali, trans o altro per capire che tutti dobbiamo avere gli stessi diritti perché siamo tutti uguali, questo vale anche per il femminismo e tutti gli altri diritti esistenti, dire che un uomo non può sostenere il femminismo perché non-",0,22 anni di disagi e imprecazioni,0,0,0.999816,True
"@USER non sono fiduciosa negli spazi di aggregazione online. Letteralmente ci sono i queer frocialisti eccetera eccetera e poi i circoletti di gay che postano nudes ogni giorno hanno onlyfans e sono convinti di vivere in un porno 24/7

è un incubo",1,Ballate insieme a me io sto sclerando ☣︎ gender variant  // she/her 🏳️‍⚧️ ⚣,1,1,0.99887043,True
"sto valutando di venire a Milano per due notti dal 15 feb
è ancora molto in forse ma qualcuno di voi forci potrebbe ospitarmi? 🥺",1,she/they • enby • queer • che scocciatura essere animali sociali,1,1,0.9992305,True
mi mancano i forci padovani URL,1,"probabilmente in ritardo
he/him",1,1,0.9994698,True
"@USER Avresti dovuto vedere il Pride di NY, 2006.
Pick-up con le casse a sparare musica, travestiti di tutti i tipi che regalavano preservativi enormi:

""If you wear it and fit you good, call me"" 🤣",0,,0,0,0.99860364,True
"@USER Ah... magnifico. Ora fai una bella leggina pro Gay pro LGBT...
tutti froci e in galera chi é NORMALE.

Avete il cervello così piccolo che la TAC distorce le immagini.

URL",0,"""Bisogna che vi rassegnate a non mentirvi, a non prendervi sul serio perché noi siamo in quello che ci manca, non siamo in quello che siamo""  C. Bene",0,0,0.9997172,True
Ma nessuno ha mai detto che sono trans 💀 tu mi hai accusato di non far parte della lgbt e che quindi non ne potevo parlare. Da vero componente della comunità ti dico che loro non rappresentano un cazzo e che fanno queerbaiting. Aprite gli occhi perché è palese,0,"parlo di sesso, piango e rido, spesso tutto contemporaneamente 😔👊🏻 volevo essere barney ma sono nato ted
ig: @/toomuchedo",0,0,0.99982387,True
Basta froci nella cucina di MasterChef. Basta sensazionalismo arcobaleno. Ci avete provato coi negri ma non sanno cucinare (oltre a nuotare) perché mangiano solo il pollo. Se il ciccione ricchione vince non lo guardo più. Vale,0,"“Godetevi i post in caps lock, perché, non appena avrò una posizione sociale rilevante ed influente, dovrò cancellarli”. Piersanti.",1,0,0.9546972,False
"tw // transfobia, stupro, misgendering

solidarietà solo se stuprano gli uomini trans perché loro sono le nostre sorelle! uwu",0,"i’m only a LVL 3 adult please don’t make me⠀⠀ ⠀⠀ ⠀⠀ KL ∥ isfp · ceo of trans keith kogane, fuck off ⠀⠀ ⠀⠀ ⠀⠀ ⠀⠀( fan account ) — they | he",0,0,0.9998258,True
"@USER Praticamente è una donna trans che avrà subito reiteratamente violenza, abusi, transfobia e misgendering oltre ad un marcato bullismo. E si meravigliano se perde la brocca.
Sono un intero circo.",0,≈ INFJ-T 🧠 • Non-Binary Hag & Bi 🏳️‍⚧️ • They/Them × Ləi • Intersectional ♀️• Cat Lover 🐈 • LGBTQ+ Proud 🏳️‍🌈 • Purtroppo biancə ⚪ • Pfp: Mary Metzger 🎨,0,0,0.9998073,True
"@USER Giusto io gli LGBT che discriminano gli etero non li voglio 👍 . Voglio solo omosessuali e trans intelligenti e coerenti con cui parlare, è omofobia questa ?",0,NATA LIBERA E ITALIANA 🇮🇹,0,0,0.9998324,True
i figli letteralmente quei forci che vedono altri forci a 50 metri e cambiano marciapiede per non salutarsi #Cepostaperte,1,faggottino - una nuova me più riflessiva più genuina più umile più sana più ass-y | un po' polemica - he/him - alt: @USER,1,1,0.99941754,True
Il giorno in cui i miei compagni di classe capiranno che non sono omofoba ma dico frocio/ricchione perché lo sono  URL,1,she/her🌈,1,1,0.99916685,True
"mi sono acchiappata per la seconda volta in un mese della trans lesbica, buon #PrideMonth amici e approvate sto #ddlzan che voglio mandare in galera un paio di persone",0,paranoie e flussi di coscienza,0,0,0.99971443,True
@USER @USER Alcune femministe credono che i trans levino qualcosa (non so cosa) ai diritti femminili e che sia appropriazione culturale.... invece di lottare insieme litighiamo fra noi,0,"NSAW VM 18

RETWITTO PORNO E POI
ritorno a cazzaggiare di gattini
vegan lgbt antibuonista",0,0,0.9998299,True
"dobbiamo smetterla di moralizzare l'accesso ai diritti. gay flamboyanti e trans trasgressivi? immigrati illegali? grassi malati? nessun comportamento/condizione giustifica discriminazione sistematica e mancanza di diritti. i diritti prima di tutto. POI, SEMMAI, il giudizio morale",0,✠ i hope i think i know ✠ raffinata dj esteta del macabro (cit.) ✠,0,0,0.99974495,True
"Sono in disaccordo, però, con il fatto che se fosse stata trans avrebbe marciato insieme agli altri per i diritti. Credo che tutti, indistintamente dalla propria identità di genere, possa farlo.",0,• 𝑰𝒏 𝑴𝒐𝒏𝒆𝒚 𝑰 𝑻𝒓𝒖𝒔𝒕 • ₑₛₛₑᵣₑ ᵤₘₐₙₒ bᵢₛₑₛₛᵤₐₗₑ ⚤,0,0,0.9998361,True
"@USER @USER Perche' non far sfilare I cortei novax con in prima fila bandiere arcobaleno, travestiti in lattex e una squadra di aittanti nigeriani, credo I'll sistema andrebbe definitivamente in tilt",0,,0,0,0.9995734,True
"@USER la transfobia è una parola grossa e infatti che essa si basa sull’insulto e odio verso la trans community, a me non risultata di farne parte. se escludiamo certe persone dal movimento, non è che siamo PER FORZA delle schifose transfobiche",0,yoongi calling hobi his vitamin,0,0,0.9998356,True
"@USER ""Pet"" di Akwaeke Emezi (autorə nb, personaggi queer, rappresentazione trans spettacolare.)
E i libri di N. K. Jemisin, (lei è poc, non so se sia queer, ma i suoi personaggi lo sono in abbondanza, con ottima rappresentazione di personaggi trans e poliamore.)",0,"witch, nerd, feminist, musician, writer, teacher, GM, cosplayer, dimensional traveler ☆
Vecchio zio enby ☆
they/them - lui ☆
fandom e diritti ☆
ita - eng",0,0,0.99983025,True
"@USER + but here we are, più forti che mai. Escludere le donne trans da un movimento che difende i diritti delle donne è un ossimoro bello e buono, ma poi ognuno la pensa come vuole, che vi devo dire? 
Se vuoi ti passo qualche busta per il vomito, oppure ti posso tenere i capelli",0,not sure about what i am doing. il té va abbinato con il latte,0,0,0.9998394,True
e quindi anche oggi il forcio palestrato di turno ci ha ricordato di quanto sia difficile vivere con 12 fasce di addominali e di quanto la società effettivamente opprima i bicipiti e i pettorali scolpiti URL,1,passivo - aggressivo SOCIAL he/him URL,1,1,0.9987463,True
"Quindi come ti devo etichettare? Come paladino dei diritti trans? O sei transfobico o non lo sei, punto, e dal momento che hai deciso di far passare gli uomini trans che partoriscono come dei freak sei transfobico e pure stronzo, non ci sono giustificazioni che tengano ⬇⬇⬇",0,"bi/pan
💀 
 she/her //

phascy, rossobrunə, libs, terf & bi-panfobicə hate account //",0,0,0.9998286,True
"@USER La fata un trans afro…
E dovremmo far vedere questo ai nostri figli?
#NOpropagandalgbt #NOpropagsndagender URL",0,"Blocco immediato per comunist*, antifà, sardin*, bellaciaoinoman*, europeist*, femminist*, lgbtqwdrsxyz++, immigrazionist*, BLM, covid-idiot* e simili.",0,0,0.9997193,True
SONO ARRIVATI I FORCI MESCHINI TSUKKI E YAMA😭😭,1,"!! 20 anni vecchiə !! ENFP she/they



@USER's fida",1,1,0.9993436,True
#Morisi se sei finocchio di dx non sei garantito dal ddl zan mentre se sei di sx e fai il porco nei gaypride o spacci a cielo aperto e tutto regolare,0,,0,0,0.9994962,True
raga ho il gay radar rotto e vorrei tanto capire se S è lella o no,1,"it's a copy of a copy of a copy.
🏳️‍🌈
she/her",1,1,0.99943775,True
"stasera i forci i ascoltano mara sattei o fka twigs, non ci sono vie di mezzo",1,he|him,1,1,0.99941564,True
"Tutti i vostri ""frocio"", mi aprivano un varco verso le camere a gas. Mi hanno ucciso ma IO HO POTUTO LOTTARE, loro no. Anche per questo serve una legge contro l'omofobia

#omocausto #GiornataDellaMemoria2021 @USER",0,"Artista, orgogliosamente omosessuale, cattolico bigotto, fottutamente di sinistra.",0,0,0.99807006,True
"@USER @USER La fondatrice trans di @USER, l’attivista lgbt @USER, ha fatto endorsement diretto a Castillo dicendo a tutti i suoi sostenitori di votarlo, ma ovviamente tu, buffone di un liberale filo fascista, ne sai meglio di lei 🤡

URL",0,"Marxista-Leninista con la ragione, Chavista nel cuore. @USER ☭
Anti-imperialista, quindi anti-sionista, anti-atlantista ed anti-europeista",0,0,0.99980694,True
"cioè in un tweet ha buttato al cesso sia gli anni di lotte per i diritti dei trans che quelli per la parità dei sessi, bene ma non benissimo",0,ฅ^•ﻌ•^ฅ,0,0,0.9998357,True
oggi mi sono presentato agli esami con la polo di mio padre e la borsa frocia,1,URL,1,1,0.9993667,True
Ma questi non channo un cazzo da fare che una legge contro la trans omofobia a 6 URL vergognarsi no? Il paese muore e loro pensano a ste stronzate?,0,,0,0,0.99981755,True
"È una contraddizione. Quel movimento fa la lotta a noi nonbinary o alle persone trans perché ""crediamo nel gender!!1!!!1!"" ma allo stesso tempo stigmatizza e rafforza i ruoli binari di genere. Sarebbe più semplice se dicessero semplicemente la verità, ossia che sono transfobiche.",0,21 ; they/xe • ENG/ITA • ☭ + ⛤,0,0,0.9998222,True
questo si chiama TRANSFOBIA coglione che tra l'altro la prof è una donna e pure se fosse trans chi cazzo siete per dire certe cose madonna andate a farvi allattare da vostra madre URL,0,#𝐎𝐍𝐄𝐃𝐈𝐑𝐄𝐂𝐓𝐈𝐎𝐍: but girl it's only you,0,0,0.99982905,True
Madò oh ma non si vergognano sti froci a imbrattare il nostro decoro urbano con tutte queste panchine arcobaleno oh cioè che cazzo non sono mille volte più belle le panchine marrone merda,0,Una di Lesbo - presa male - ¯\_(ツ)_/¯,1,0,0.99918705,False
"marsha p. johnson è stata una donna trans nera che ha lottato fino alla fine per far si che la comunità lgbtq+ avesse i diritti che si merita. se noi oggi siamo qui è soprattutto grazie a lei. se oggi siamo qui a festeggiare, onorare e lottare per il #PrideMonth è perché lei, (+) URL",0,,0,0,0.9998337,True
"Lgbt community unita 💚💞💛🧡💓🧡💓💟💟 che bella favoletta 💚💞💞💛🧡🧡 non c’è giorno in cui bisessuali, trans o asessuali vengano lasciati in pace",0,«I ʟᴏᴠᴇ ʏᴏᴜ sᴏ ᴍᴜᴄʜ...ᴛʀᴜʟʏ. I ʜᴏᴘᴇ ʏᴏᴜ ᴄᴀɴ ᴋɴᴏᴡ ᴛʜᴀᴛ» ~ Namjoonie ❣️ 🐳 -𝖡𝖾𝖻𝗌 ◡̈ 🏳️‍🌈 she/her INFP-T 22/10/2018 Mono 💓,0,0,0.9997999,True
@USER amo ma sti cazzi secondo me chiunque della comunità lgbt può dire frocio o derivati,1,ya’aburnee | he/him | fifteen,1,1,0.9992939,True
"Con tutti i problemi che ci sono questi parlano del homo trans fobia ,gli stronzi che discriminano ci saranno sempre ,sono falsi problemi ,ci mancava Montanari ...homo trans fobia è un falso storico come x le foibe #ottoemezzo",0,"sono in pace con me stesso e mi voglio bene non sono di sinistra ma sono anti americano ,da Mattei alla Libia e all' Afghanistan solo disastri .",0,0,0.9998265,True
"@USER in più le donne trans a causa della transfobia vengono viste dalla società come uomini effeminati, cambiando comunque la percezione che si ha di loro e il tipo di oppressione subita (quindi in quanto trans, non donne).",0,🧸 + 🍓 + 📝,0,0,0.99982685,True
io sottomesso solo da lana del rey lei può chiamarmi frocio e dirmi che non meriti diritti e le darei ragione senza esitazioni,1,"23 Heddon Street, Mayfair, London.",1,1,0.9993648,True
"Le persone trans subiscono molte più discriminazioni e violenze rispetto al resto della comunità LGBTQI+: ci sono statistiche a livello 🇮🇹, 🇪🇺 e mondiale.

Una legge priva o con minori tutele per la comunità trans è una legge che nel 2021 non mi interessa. 

#DdlZan_Subito_Legge",0,"London, Paris maybe Vomero 🌶 @USER 🏳️‍🌈 appassionato di migration law 🏳️‍⚧️ l'anello di congiunzione tra salsiccia e friarielli 👠 He/Him 🇪🇺",0,0,0.9998105,True
"Ecco come si comporta la sinistra Pd, il primo cittadino arcobaleno travestito e cozzaglia sx varia a Milano e nel paese. Ma siamo degni come popolo di avere certi partiti in Italia che ci dovrebbero rappresentare? URL",0,Il marketing strategico è il mio divertimento,0,0,0.99951303,True
"Il trans razzismo ( transfobia ) rimane tale anche se viene messo in atto da un omosessuale e anche per fini ludici.
E siamo a due... Vediamo chi altro indosserà una gonna o diverrà donna!
#GFVIP",0,Sii il Cambiamento che vuoi vedere nel Mondo,0,0,0.9998217,True
Io orgogliosə di aver deviato i miei colleghi 3t3r0 verso il bar finocchio di questa piazza venezianA,1,dobbiamo tutti cr3pare grazie a dio | he/him | INTJ-T,1,1,0.99945456,True
"Ok perché sono a favore di tutti i diritti del mondo, ma una volta che neri rossi gialli gay trans lesbiche avranno tutti i diritti possibili ci sarà una società perfetta? No non credo",0,"Timido come Vergine,
Savio come Zeman,
Devoto come monaco Zen,
Inerme come Verme,
non mi dispiace passar per profanatore porno maniaco killer.",0,0,0.99981564,True
Carla Xbox ha capito benissimo che ai forci che ti stannano acriticamente puoi proporre anche 35 minuti di rutti e loro ne farebbero direttamente un tratto della propria personalità URL,1,io mi sono accorta che in questa famiglia ci vuole molto pene (Tata Lucia) - he/him - alt: @USER,1,1,0.9992986,True
"@USER Capisco bene perché senti il bisogno di parlare di persone trans e diritti LGBT online, ma twitter sa essere davvero un posto tossico. Non forzarti troppo se la cosa ti fa stare eccessivamente male, prenditi anche delle pause se ne senti il bisogno :c",0,Toasters should be used for bread. 🇨🇵🇩🇪🇬🇧🇮🇹🇷🇺 @USER = discourse-free account in English!,0,0,0.9998272,True
buongiorno a tutti guardate quanto è lella URL,1,"19, she/her🏳️‍🌈",1,1,0.99942195,True
"oh no i ""pro lgbtq+"" a cui dici che sei un ragazzo trans e allora la tua opinione non vale più FAHNEIOFHNIOEAFHIOE cioè allora dite che siete trans exclusionists e fate una figura migliore hahah",0,"#春原百瀬 : 𝐈𝐟 𝐈 𝐡𝐚𝐯𝐞 𝐚 𝐬𝐭𝐫𝐨𝐧𝐠 𝐟𝐚𝐢𝐭𝐡, 𝐈 𝐛𝐞𝐥𝐢𝐞𝐯𝐞 𝐭𝐡𝐚𝐭 𝐞𝐯𝐞𝐧 𝐈 𝐜𝐚𝐧 𝒇𝒍𝒚. ; ♡ @USER ♡ —",0,0,0.9998325,True
non dovete essere attratte dalle donne trans o supportare la teoria queer per essere persone decenti con un po’ di rispetto (???) non potete supportare sole le persone che trovate attraenti o che condividono la vostra esperienza di vita al 100%,0,ts • don’t quit before the miracle happens,0,0,0.9998348,True
"@USER Le persone trans in Italia non godono di grandi diritti 😞 Ci sono una miriade di pregiudizi e luoghi comuni, che nel complesso de-umanizzano tantissimo la nostra esperienza. È un attimo meglio se sei una persona trans “binaria”, ma noi non-binary praticamente non esistiamo 🙄",0,"🏳️‍🌈🏳️‍⚧️ Sara (they/them) / 26 / Illustrator + Graphic Designer. Fantasy, Fashion & Fanart! Commission Status: closed ❌",0,0,0.9998343,True
I FROCI COMUNISTI ARCOBALENO...SCRIVONO... ANDRÀ TUTTO BENE...dovrebbero scrivre: ANDRA' TUTTO PENE...CONSIDERATO CHE CE L' HANNO MES ....IN KUL.,0,ITALIANO DOC IUS SANGUIS PATRIOTA,0,0,0.99936026,True
"State lì a dire lgbt, relazione con trans, lesbica, gay, trans fobia leggi di qua, leggi di la bla bla blaaaaaa
Qui il problema non è lgbt, bensì un fratello che ammazza la sorella!!
Non importa il motivo, perché NESSUN motivo vale un atto così !",0,#vivalitalia #italiasedesta #giustizia #lega,0,0,0.9998281,True
"quella relazione ETERO con un UOMO trans era vista come relazione omosessuale per la sua transfobia, quindi è sempre necessario (!) ribadire che vada protetta tutta la comunità lgbtq. 

ora però, spiegami come giustifichi il fatto che la pagina che difendi continui a sbagliare-",0,may hell be lit,0,0,0.9998147,True
io e ris omosessuali gay forci @USER URL,1,she / her. . . URL,1,1,0.99947506,True
e adesso chi lo dice alle t3rf che se possono andare al pride è grazie ad alcune donne trans e soprattutto woc? tutto questo è possibile grazie alle persone che voi volete escludere dalla comunità ma ok continuate a fare finta di nulla,0,the hot antagonist that steals the show || SHE / THEY || artist || anitwt - cartoontwt - booktwt || scorpio entj 6w5 (bi) || solangelo lovechild,0,0,0.99982625,True
non riesco a non pensare alla fessa pesantissima di quella forcia che ha pubblicamente smerdato titti il penemunito in mondovisione URL,1,"19, she/her🏳️‍🌈",1,1,0.9992023,True
"@USER Ma ancorah? Già te la sei presa all'epoca con quella povera crista trans al Pride con la croce, direi anche basta di leccare il coolo a* cattolic*h ❤ URL",0,"La più bannata dagli italianih 😎 Vi tollero tutt*, PHROCHACCHEE ❤ Logo disegnato da @USER 😍 ⭐ Parodiah ⭐ URL 🌐",0,0,0.9998209,True
"@USER Io sono orgogliosamente frocio, sono attivo, mangio i culi ma non succhio.
Semplicemente non mi dà nessun piacere farlo.
Ah.. sono un egoista. URL",1,"Receptionist per vivere,
Massaggiatore per passione (a domicilio, a Roma)
Telegram @USER 
IG Alex.massaggi",1,1,0.99732286,True
andando ad aggiungere loco loco alla playlist del pride di verona così la faranno sentire a tutti i froci locali,1,persona basica e noiosa | eurofan and Rosalía stan | he/him | 🇮🇹🇲🇰,1,1,0.99942315,True
"se siete transfobici e non considerate le donne trans come parte attiva della lotta femminista potete tranquillamente unfollowarmi. anzi, prima ditemi che mi unfollowate almeno posso ricambiare. le donne trans SONO donne così come gli uomini trans SONO uomini",0,call me spineless but at least i’ve got a heart between my lungs,0,0,0.9998317,True
"A chi rompe il cazzo tutti i giorni con gli inginocchamenti, coi froci, coi #BlackLivesMatter coi #pride e con altre stronzate simili, auguro di perdere il lavoro, di perdere ogni tutela sociale e di chiedere l'elemosina per vivere.
Così avrà cose più serie a cui pensare",0,il pessimismo della ragione e l'ottimismo della minchia,0,0,0.9991062,True
"tw // transfobia

la stessa vicepresidente che ha costretto una donna trans in una prigione per uomini negandole l’operazione di riassegnamento del sesso che doveva fare?",0,your almost communist feminist dyke (she/they/-ə),0,0,0.99982435,True
"Tra i manifestanti a sostegno dei diritti delle persone trans e gli estremisti di estrema destra, la polizia di LA da da che parte stare e chi colpire.",0,Run to rescue with love and peace will follow (River Phoenix),0,0,0.99983156,True
"escludere le DONNE trans da un movimento che ha come obiettivo L'UGUAGLIANZA e la lotta alle discriminazioni, è DISCRIMINARE. 
u can't change my mind.",0,solo lamentele,0,0,0.9998306,True
"@USER .Già che li definisce “i” trans denota una terribile transfobia.Lo sa chi sono le donne che competono con lei vero?Non delle ballerine di flamenco. Sono tipe tipo questa qui, che di sicuro venderà cara la pelle. URL Comunque nel caso di MTF si dice “le” trans",0,"Sono tante cose, ogni tanto scrivo libri. Qui li trovate tutti: URL",0,0,0.99983585,True
"@USER Ma sa una legge contro l'omotransfobia che non difende i trans perché hai tolto l'identità di genere e una riforma della giustizia che garantisce l'immunità ai colpevoli forse non vanno bene.
Come lei finge di non sapere.",0,,0,0,0.9998318,True
"Sono nella diretta di una mia compagna di classe con un suo amico trans che ha nella bio l’arcobaleno esattamente come me e la mia compagna che non sa del mio orientamento “avete entrambi l’arcobaleno” e lui “eh si ho notato”
I WAS SHAKING",0,i put the L in loser and lesbian,0,0,0.9998272,True
"Te: transfobia
Vabbè se pensate che dire che una donna trans stia ""facendo finta di essere del sesso opposto quando tutti sappiamo la verità, che è un uomo"" e vi incazzate quando vi dicono che siete transfobiche che cazzo vi possiamo dire.",0,"BLM  ||  veg🌿  ||   parlo un po' di weight bias e violenza di genere ||   White feminists don't interact  ||  ascoltate le minoranze

extra: @USER",0,0,0.99983215,True
"@USER @USER Non mi sembra le persone trans godano di meno diritti degli altri. Quello a cui non hanno diritto è che un maschio pretenda il diritto di entrare in luoghi, quote, sport etc riservati al SESSO femminile. La nostra società discrimina per sesso, non identità di genere.",0,"I Stand with JK Rowling. Not CIS. Males-Exclusionary Feminist. ""No self respecting woman should wish or work for the success of a party that ignores her sex.""",0,0,0.99982613,True
"Madonna. Dire che le donne trans non possono far parte del radfem non è transfobia, è riconoscere che hanno esigenze diverse, idem per gli uomini, che in un movimento per le donne c'entrano quanto gli etero nella LGBT. A essere condannato poi è il sex work, non chi lo pratica",0,"she's messy, but she's kind",0,0,0.9998211,True
"il pride però no eh, i “travestiti” che si vestono come vogliono no eh, quello no!!!!! dio vi odio non riuscite proprio a capire avete la testa bacata",0,gonna start a revolution from my bed,0,0,0.99962723,True
"Se andassi ad un Gay Pride e inizierei a provocarli chiamandoli culattoni, froci, etc...etc... e loro reagirebbero con due schiaffi in faccia, di chi sarebbe la colpa?!?
#SelvaggiaLucarelli",0,"Non interagisco né con fascisti e né con sovranisti!!! 

Impegnato con @USER",0,0,0.9994704,True
"Scusate ma una domanda a voi che siete coltə: ma Federico di Amici, quello che vinse tanti anni fa, era per caso forcio?",1,"Ho varcato le sogne del male e ho osato dire cose infame. Un frocio nel corpo di una lesbica. Chi è un'Ama, mi segua.",1,1,0.9994486,True
"ogni giorno la mia tl mi ricorda quanto c!Wilbur è forcio e ogni giorno ricordo perché
i mean who isn't gay for c!Quackity lets be serious",1,"Hamilton The Musical but in a horrible New Zeland accent
                                                                  - petit croissant ( ˘ ³˘)♥︎ 🏳️‍🌈",1,1,0.9989121,True
"Lesbiche e finocchi perfettamente distanziati fra loro e con tutte le protezioni imposte. Questa è civiltà!
#Pride #PRIDE2020 #Milano #28giugno #mascherine URL",0,,0,0,0.9963421,True
"&lt;&lt;Verdi trans, in gonna e giacchino fucsia, travestito,, ridotto alla banalità del conformismo lgbtq+, il nuovo catechismo dei nostri giorni, usato per rilanciare il solito ossessivo refrain sulle identità e i gender. &gt;&gt;
URL",0,"La ribellione è la dignità dello schiavo !
(Niechtze)",0,0,0.9998202,True
"Tw // transfobia
Il modo in cui l’esistenza stessa delle persone trans è qualcosa che attivamente occupa le loro giornate è spaventoso. Ma non avete qualcosa da fare? Non riuscite a stare un giorno senza twittarlo? Abbiamo capito che non ti piacciono Marco torna a giocare URL",0,Ceci tuera cela: le livre tuera l’édifice | purtroppo Riccardo he/him,0,0,0.99982685,True
"@USER Pretendere diritti per se stessi non toglie diritti agli altri, da persona trans dovresti saperlo.
La disforia di genere si presenta in modo diverso per ogni persona, e non tutti hanno i mezzi e i soldi per la transizione, escluderle solo per questo è transfobico.",0,She/Her ☆ 27 ☆ ITA/ENG ☆ Digital Artist | Art account @USER ☆ Feminist ☆ Monsta X | Wonho | Mamamoo ☆ THIS IS A SAFE SPACE FOR ALL LGBTQ+ PEOPLE 🏳️‍🌈,0,0,0.99982965,True
"La Vergine Maria Trans l'assurda trovata  dall'Ambasciatore UE  #LGBT Non ho parole credetemi!!!! Loro non vogliono essere discriminati e offesi. Però poi discriminano è offendono in questo modo. La Sinistra ora dov'è il segretario tario del #PD @USER  Dov'è????
Vergogna!! URL",0,Classe politica 17 Coordinatore provinciale Fratelli d'Italia 🇮🇹,0,0,0.9998217,True
"@USER @USER @USER @USER È il definire un uomo trans ""donna"" che è transfobia amo
A prescindere dal suo percorso di transizione è e rimane un uomo trans
Non riconoscerlo signica essere transfobici ;)",0,he/him,0,0,0.99982893,True
"Poi vabbe', presentare donne trans e attivistɜ per i diritti delle persone trans come dei gruppi di pressione con un qualsivoglia potere politico, niente di più lontano dalla realtà e non è corretto usare storie di abusi di persone lesbiche per portare avanti questa narrazione.",0,"28 anni, she/her, book-blogger disorganizzata, scrittoressa in formazione, aspetto una super-hit a due mani Adele/Zucchero.",0,0,0.99983406,True
@USER e devi perché sei simpy e frocia insomma sei nella gang,1,URL,1,1,0.9994685,True
"@USER Le persone trans afab vivono misoginia biologica + transfobia, si parla spesso di ragazzinx molto giovani e subiscono le prime violenze in casa

Uguale per le persone amab ma ci sono ovviamente le differenze. Molti enby amab sono comunque maschili e cis passing",0,they/she ~ 19 ~ survivor ~ gnc/transfem ~ agender ~ non binary ~ diamoric gay/vinician ~ napoletana impazzita ~ inclusive STEM STUDENT,0,0,0.99981874,True
"Altro punto: i local usano gli sticker con la bandiera trans e queer (mi sembra), voi vi incazzate con loro ma gli spiegate il significato di quello sticker? No. I local li usano perché NON SANNO, no perché se ne fottono",0,complex female characters,0,0,0.99982494,True
"Tutti con le foto arcobaleno e poi appena vedono un ragazzo effemminato esclamano ""talê ddu  frocio""
Vergognatevi 
#LoveIsLove 
#lovewins 
❤️🧡💛💚💜💙",0,Mi piace regalare un sorriso anche quando un motivo non c’è!,1,0,0.9992906,False
"Che branco di guardoni morbosi, “fruga-mutande” della sessualità altrui, della vita altrui, degli amori altrui, c’è al mondo. Mi dispiace, @USER 🤍

“Ancor prima di ammetterlo a me stesso, io ero un ricchione, e questo andava scritto, ripetuto, urlato - soprattutto sussurrato”",1,"Amo il vento e le poesie di Pavese, sogno Itaca e leggo per curare l’anima. Semplicemente adirabile. Dura e fragile, come di vetro.",0,1,0.9930936,False
"Fobia vuol dire paura e se avete paura di omosessuali, trans e bisessuali oltre che intolleranti siete pure codardi. 

#giornatainternazionalecontrolomofobia",0,Mi sarei accontentato di essere fortunato in umore.,0,0,0.9998275,True
"@USER Queer all'inizio era un termine dispregiativo voleva dire checca, frocio ecc...con gli anni a seguire il termine perse il significato originario la comunità lgbt+ se ne appropriò e lo uso per indicare tutte le diversità sessuali.",0,"Nobile punk decaduto, studente di filosofia a tempo perso. Divoratore di libri fumetti e film

Ho un quadro che dice cose intelligenti e invecchia al mio posto.",0,0,0.9996879,True
"E con la Trans flag ho concluso momentaneamente la mia LGBTQ series! Se qualcuno volesse commissionarmi una Flag che non è tra quelle, vi basta cercarmi in chat e la aggiungerò alla serie! 💕 Andate a lasciare un cuoricino all'ultima arrivata 😔💕💕",0,"»Your Local Wish Shop ✨
»Commissions Open🌙
»Info in DM 🌵
»Spedizioni in tutta Italia 🌺",0,0,0.9996573,True
"credo semplicemente che per fare autoironia possiamo semplicemente chiamarci froci noi della lgbt, se me lo viene a dire un etero sinceramente gli spacco la faccia, così come io non mi rivolgerei mai ad un'altra persona chiamandola negra",1,,0,1,0.9988918,False
sì lamenta perché le drag queen parlano al pride. al PRIDE. lo stesso pride che è nato grazie a donne trans e drag queen di colore. fa ridere ma c'è da piangere,0,"part time hot priests enjoyer, part time messy bisexual characters kinnie, full time pain in the ass. !! she/her !! bi !! a leo through and through !!",0,0,0.99982196,True
"Primario accusato di omofobia sospeso: ""Vedi se devo operare sto frocio di m..."" URL questo nel 2020!!! E nn da persone ingnoranti, ma da un chirurgo!😞",0,uno come tanti,0,0,0.99892455,True
"Ricordo quella volte che l'anno scorso qua sopra mi fu dato del ""frocio"" per aver appoggiato la comunità LGBT quando in realtà sono un maschio bianco etero che crede in dei semplici valori con milioni di sfaccettature ma se lo dici ti becchi insulti e congetture dai tuoi pari",0,@USER | Potrei essere pungente ed ironico come Chandler ma le donne tirano fuori il Mosby in versione patetica che c'è in me | Tra gli altri ascolto HS ma 🤫,0,0,0.99973875,True
chi è il forcio che ha messo todrick hall a #pechinoexpress,1,25. A well mixed conception for regrettable decisions and an almost surefire recipe for disaster. Telegram: yummygiammy | He/Him or They/Them,1,1,0.9993918,True
"@USER siamo froci ma non coglioni, eh. In Iran le persone lgbt hanno il dovere primario di salvarsi le vite.
Ma poi, cos'è, ti piacerebbe che anche qui ci arrestassero perché siamo froci? E' un velato augurio di morte? Suuuper cristiano!",1,"witch, nerd, feminist, musician, writer, teacher, GM, cosplayer, dimensional traveler //
they/them - lui //
fandom e diritti //
ita - eng",1,1,0.98927397,True
"@USER le donne trans sono donne nel genere che soffrono di transfobia e anche di sessismo quanto ne può soffrire una donna cis, surprise",0,,0,0,0.9998186,True
"@USER @USER Loro si dicono LGBT,qualcuno li chiama finocchi, in ogni regione si chiamano in modo diverso. Solo lo schifo che fanno e` uguale per tutti.",0,🇮🇹,0,0,0.9997247,True
"vabbè non ci credo mio padre ha messo like nonostante parlo di omobitransfobia e di come anche dire ""frocio"" sia discriminatorio mi fai schifo davvero tu sei il primo a dire froxio finocchio e ste cose qua a persone a caso ma quanto sei incoerente",0,23↑ ¦ @USER's spam acc,0,0,0.9991696,True
"TW: transfobia

Sto piangendo perché a cena i miei hanno detto che le persone trans non sono normali e vedo ogni giorno più lontano il mio possibile coming out",0,"they/he, politely punk, 1312",0,0,0.9998215,True
"@USER Nn dite froci xché se no tra poco vi arresteranno con la nuova legge contro l'omofobia🤣Oltre a parlare di coglionavirus, sembra che i giornali si stiano dedicando a far cambiare orientamento sexuale, nexuno indosserà mai un costume così, neanche un UOMO DIVERSAMENTE ETROSESSUALE",0,"Non unirti ai morti di spirito. Scommetti sulla tua vita e mentre combatti, fottitene del prezzo.",0,0,0.99934405,True
@USER Mah! Con un papa che dice che dobbiamo dare i diritti di famiglia a froci lesbiche e trans la vedo dura . Ho tutte le mie private ragioni che la fede ed io siamo due cose Totalmente lontane,0,"AS ROMA 1927, il cinema, il Metal, i gatti, montagne e la neve ❄️ ovviamente le donne, ma una che una però è! ciao",0,0,0.9998202,True
"D'altronde mica in Italia esiste la transfobia, alle persone trans stendono i tappeti rossi🙃Io mi chiedo davvero se non viviate in una realtà parallela, perchè non mi so spiegare come possiate ignorare tutta la merda, lo stigma che una persona trans vive nel suo quotidiano. URL",0,🇮🇹🏳️‍🌈🏳️‍⚧️/trans woman/she-her/sometimes pasticcera/gioca a D&D/kittens-doggos lover/CritRole fan/why are japanese anime&games' intros full of spoilers 😔,0,0,0.99983156,True
"Tw // transfobia

Fyi é un uomo trans rad.
""le operazioni non sono uguali ai genitali biologici"".
Sì vabbe.
Lasciando stare la parte sulle persone intersex. URL",0,"23
She/They genderqueer
INFJ",0,0,0.99980575,True
"TW transfobia, stupro, morte

ah beh molto intelligente mettere le donne trans nelle carceri maschili così magari le sfruttano per prostituzione o direttamente le ammazzano. cazzo, spero che l’acido cloridrico che vomitate vi disinfetti almeno la bocca",0,"genti maca in logu strintu — 18, lui/issu/he",0,0,0.9998099,True
"Sono un queer semplice, leggo la parola finocchio al supermercato e rido",1,"HE/THEY
20
entp-t
too talkative",1,1,0.9993332,True
"chi è stato il forcio vrenzolo che nella strada a sparato a tutto volume Chicken Teriyaki? 
IO TI TROVERÒ E TI SUCCHIERÒ",1,"19 | he/she/they | “go fuck your prototype, i'm an upgrade of your stereotype“",1,1,0.99933976,True
"@USER Trans è transfobia, diverso è se magari si ha una preferenza sui genitori e la persona trans non ha completato la transizione o non ha i genitali ""di preferenza""  si può parlare con la persona e dipende da caso a caso",0,Treat people with kidness,0,0,0.99982315,True
"@USER straight, etero in modo dispregiativo pari a frocio per la lgbt secondo loro, ma è solo un modo di dire no offense😁",1,"he/they/she, scorpio♏
lgbt(q) +
feel good ep 5 min 23:30",1,1,0.99769646,True
"come una donna cis non può subire transfobia, una donna trans non può subire misoginia poiché per il radfem essa si basa sul sesso biologico(per questo gli uomini trans sono inclusi), inoltre le donne trans hanno ricevuto una socializzazione maschile finché non hanno fatto la ++",0,알잖아 널 가만히 둘 수 없는 걸,0,0,0.99982566,True
"Sono frocio ma - a differenza sua che guarda solo il suo orticello - supporto i diritti delle donne sex workers che vogliono aprirsi un account onlyfans.

E supporto ovviamente anche le donne che non vogliono aprirsi un account onlyfans.",1,"🌈 Lui/He 🐷 Italian Ethical Slut on PrEP
🍆 Info Diritti Sessuali
☣️ BB Piss Feet Armpits Dirty
🔞 URL
📸 URL",1,1,0.998871,True
"chi pensa che il problema sia l'omofobia è IL problema. voglio però dire frocio quando mi pare solo perché mi piace la parola. FROCIO. sono omofobo? lol l'unica cosa che mi spaventa è il vaccino ago bua. voglio urlarlo: VIVA I FROCI, lunga vita a loro, quindi a me",1,"Contro l'entropia culturale. Non sapevo di commettere un algoritmo, Clerici",0,1,0.9980116,False
"Ignoranti omofobi vi volevo solo dire che il gay pride non é ""la festa dei froci"" il pride non è una festa. È una MARCIA che porta il peso di migliaia e migliaia di omosessuali uccisi da questa fottutissima società in cui viviamo",0,"💚💙
🏳️‍🌈",0,0,0.99971575,True
"tw // transfobia
Porcod vi svegliate la mattina e pensate che le persone trans si “sentano” uomini o donne così, a caso, come io la mattina mi sveglio e “sento” che ho voglia di restare a dormire consiglio una forte botta in testa",0,"happy, free, confused and lonely. at the same time. (she/her)",0,0,0.999833,True
friendly reminder che quanto hai scritto è di una transfobia allucinante perché le donne trans sono DONNE e non uomini disforici e predatori,0,sagittarius gal🌿                                       𝘢𝘮𝘢 𝘧𝘳𝘦𝘨𝘢𝘵𝘦𝘯𝘦 𝘦 𝘧𝘢𝘪 𝘭𝘢 𝘵𝘳𝘰𝘯𝘪𝘴𝘵𝘢,0,0,0.9998273,True
"@USER questa è solo transfobia il tuo pensare che una ragazza trans sia un uomo, io non posso aggiustare i cervelli delle persone la nostra discussione può finire anche qui se la pensate così",0,"@USER 's bestfriend (real!)                                      
mcyttwt / sinjindrowingtwt / akseltwt / hoveertwt  :)",0,0,0.99983096,True
Ma quando mai un regime totalitario ha tutelato i diritti LGBT 😂 “i froci” venivano ammazzati! Professore di storia questo!,0,,0,0,0.9997167,True
eccoci con la transfobia interiorizzata gesu cristo le donne trans sono donne e gli uomini trans sono uomini non sono una categoria a parte,0,not louis tomlinson but his bestie,0,0,0.9998209,True
"capisco l'andare contro la transfobia ma a me ste persone fanno paura perchè noi persone trans con cui scopano poi sembriamo degli oggettini da mettere in mostra, sembra tipo un fetish non mi fido URL",0,"uomo cis etero, oppressore, misogino, sessista, problematico e privilegiato",0,0,0.99982786,True
"Le priorità! In un momento storico come questo in cui parlare di diritti di persone trans è fondamentale preferiamo comunque fare i crybaby con ""notallrad"" ""notallwhite ""notallcis"".",0,non è colpa mia ma del sole in leone,0,0,0.99983394,True
"@USER —imputabili alla misoginia, ma alla transfobia. Una trans ha il privilegio maschile per buona parte della sua vita, e il patriarcato non la discrimina in quanto donna, per il patriarcato una MtF è un rammollito. Non vedo perché accogliere le trans nel nostro—",0,"#IStandWithJKRowling GC, Il genere è un costrutto sociale creato dal patriarcato per sottomettere le donne, non è una cosa progressista, smettetela di usarlo🤬",0,0,0.99982196,True
porthos è decisamente un femminista che lotta per i diritti della comunità lgbt dei trans e dei neri che nella bio scrive i suoi pronomi e sarebbe pronto a fare da padre ad ogni ragazzo cacciato dalla propria famiglia a causa di ciò che è no non potete farmi cambiare idea,0,"‘I am glad that you are here with me,’ said Frodo. ‘Here at the end of all things, Sam.‘ ⠀ ⠀ ⠀ ⠀ ⠀ ⠀ metal; mcu (x-men); hp; lotr (the hobbit) ⠀ ⠀ ⠀ ⠀ she/her",0,0,0.9998136,True
"IO SONO NATA FROCIA, E NE SONO ORGOGLIOSA.
SUCCHIAMELA FINO ALLA FRUTTA CARA.
FROCI SI NASCE NON SI DIVENTA, TRANS SI NASCE NON SI DIVENTA #FACCIAMORETE
#FASCISTIAPPESIAPIAZZALELORETO",1,"24,Love Cons,Lez🏳️‍🌈🇮🇹🇦🇹.Peseta aposentada. Albalia fue real.7/11SUPREMACY. (She/Her) #SaveMotherlandFortSalem. CHONI ENDGAME. Witch Cheryl Era.",0,1,0.99968743,False
"@USER poi parli di transfobia quando letteralmente ti stai riferendo alle persone trans come: “i trans/ le trans” come un qualunque giornalista misogino e transfobico che definisce così chi sta facendo la transizione. pazzesca amo, e vieni a dare insegnamenti a me...assurdo",0,radical feminist,0,0,0.9998305,True
"Oggi alla Camera la legge contro l’omo-transfobia, fino a 4 anni di carcere per chi discrimina gay e trans ❤💪🌈

#BuongiornoATutti #gaypride #StopRacism #1luglio",0,"ʙᴇ ʏᴏᴜɴɢ. ʙᴇ ᴅᴏᴘᴇ. ʀᴜɴ ᴛʜᴇ ꜱʜᴏᴡ🌹




ɪɴꜱᴛᴀɢʀᴀᴍ: tony_spr


ᴅᴏɴ’ᴛ ᴋɴᴏᴡ ᴡʜᴀᴛ ᴛᴏ ᴅᴏ? ʏᴏᴜ ᴄᴀɴ ꜱᴛᴀʀᴛ ʙʏ ʜɪᴛᴛɪɴɢ ᴛʜᴀᴛ ꜰᴏʟʟᴏᴡ ʙᴜᴛᴛᴏɴ ⬆️",0,0,0.9997992,True
Per chiudere in bellezza il #PrideMonth oggi ho sognato che ospitavo a casa mia una coppia di signore nere trans che aspettavano un bambino e un gruppo di Pokemon,0,il mio spirito guida è la cotoletta,0,0,0.9998098,True
"@USER vabbè ma chi se ne frega dei diritti delle persone trans pensiamo a quei 0,01 centesimi che non arrivano a lei perché ho visto un film piratandolo😔",0,"#kaeya “Lonely? Me? Not with someone here nagging me all the time, that's for sure.”                                                           he/him",0,0,0.9998332,True
"tw // transfobia

le odio le odio le odio le odio, dio santo neanche ad un pride noi persone trans possiamo essere al sicuro madonna santa mi sta bollendo il sangue nelle vene",0,«i believe some of our stars will always be the same.» 19; he/they; infj; 4w5; 🏳️‍⚧️🏳️‍🌈,0,0,0.99983275,True
"Mia classifica personale dei froci peggiori: 
1) quelli con l'arcobaleno al vicino al nome
2) i fan di Barbara D'Urso
3) quelli che hanno come foto profilo Lady Gaga, Beyoncé e Britney Spears

I vostri? #FelicissimaSera",0,"AGNELLIIIIIIIIIIIIII vuoi giocare a fare la guerra? 🗡️
@USER 🖤💙",0,0,0.9944061,True
"Ieri un'amica
m'ha detto che Sartre
era ""Frocio""

Non la denuncerò per omofobia

E io le ho fatto una carezza
mentre aveva gli occhi chiusi

Non mi denuncerà per molestie

Speriamo che la società
sia più intelligente del Legislatore

#ddlZan",0,"Poeta - Anarchico Postmodernista

Blog 
URL",0,0,0.9994784,True
"@USER La lotta per i diritti delle persone gay e trans non è un trend del momento, è una battaglia che va avanti da almeno 50 anni. Che ne parli uno famoso su una tv pubblica dove ci becchiamo da anni fiction su preti e normalizzazione di razzismo e omofobia mi sembra un passo avanti.",0,"Ho studiato perché volevo viaggiare e vedere il mondo, poi sono capitato a Mestre. he/him.",0,0,0.9998287,True
"@USER @USER e chiha detto che la direzone giusta è quella del mondo (finocchio negroide social arcobaleno massonico pedofilo globalista di sinistra)enon quella della valbrembana di sudore, onestà,lavoro, vino rosso e cazzi che entrano nelle fighe?  Chi lo ha stabilito? i pedofili di epstein?",0,"Golden sunrise 🇬🇷🇷🇺🇮🇹
Aut si quid est in vita in aeternum resonat.

Non nobis Domine, non nobis, sed nomini tuo da gloriam",0,0,0.9995414,True
"per una donna trans (oltre alla transfobia) subisce anche lei misoginia a differenza di un uomo
ma tanto questi argomenti sono troppo complicati per il tuo cervello
aggiungo anche che non voglio discutere con una islamofobica che tanto delle stronzate che spari non frega un cazzo URL",0,simping and raging,0,0,0.99983263,True
"“Non sono tutti finocchi col culo degli altri”. Mentre il parlamento discute la legge contro l’omofobia su impulso di Pd e M5S, il loro candidato alla presidenza della #Liguria, Ferruccio #Sansa, decide di uscirsene così in diretta Facebook. Ma non era lui quello di “sinistra”? URL",0,"Romagnolo, Deputato di @USER eletto nel collegio uninominale Forlì-Faenza",0,0,0.99965656,True
"le persone omosessuali e trans hanno gli stessi doveri ma non gli stessi diritti delle persone non omosessuali e non transgender.

e anche questo ha a che fare col #ddlzan

l’asimmetria tra cittadini non è democratica.",0,"none of my axiom is like it should be
ex math

last bk La matematica è politica @USER @USER

IT fiction editor @USER
voice @USER",0,0,0.99982905,True
"@USER &gt;&gt;batte da sempre per i diritti dell'intera comunità lgbt, persone trans comprese come è ben evidente da sempre. Andate ad attaccare i teansfobici reali, non Dario o chiunque vittima dei media di merda  che quindi inizialmente hanno travisato. Si è platealmente corretto poco dopo",0,🏳️‍🌈🏳️‍🌈🏳️‍🌈🏳️‍🌈🏳️‍🌈🏳️‍🌈🏳️‍🌈🏳️‍🌈🏳️‍🌈🏳️‍🌈🏳️‍🌈🏳️‍🌈🏳️‍🌈🏳️‍🌈🏳️‍🌈🏳️‍🌈,0,0,0.9998149,True
"il pride esiste grazie a donne trans nere. il primo pride è stato una rivolta. se siamo qui ora, se abbiamo ottenuto i diritti che abbiamo, questo lo dobbiamo a persone che hanno lottato. lottato CON LA FORZA, perché pacificamente non sono riuscite ad ottenere niente.",0,trova la lesbica 🚶🏻‍♀️🚶🏼‍♀️🚶🏽‍♀️🚶🏾‍♀️🚶🏿‍♀️ non l’hai trovata? è perché la lesbica sta leggendo questa bio,0,0,0.9998272,True
"@USER Le donne possono parlare di misoginia E BASTA. Le persone trans di transfobia e basta. Le persone omo-bisessuali di omo-bifobia e via dicendo. 

Non è che una donna etero può permettersi di parlare a me di transfobia o omofobia eh.",0,"lgbT | artista fallito | incurabile innamorato | INFJ | mi lamento molto spesso | eterofobo, cisfobo, razzista contro i bianchi eccetera eccetera",0,0,0.999803,True
@USER @USER Ma quando risponderete a noi? Alla comunità lgbtqia+? Alla comunità trans e non binary ignorata e offesa da Faraone che pur non sapendo cosa sia identità di genere chiedeva di toglierla? Avete parlato pure di teoria gender come invitati al convegno di Verona dell’area Orban!,0,in missione per conto del Gender-Miglia da percorrere e promesse da mantenere-(he/him)-4:20-🏳️‍⚧️🏳️‍🌈,0,0,0.99978715,True
"tw // transfobia
tw // transmisoginia
“come potete accusarmi di transfobia se il mio ragazzo è trans e lo amo lo stesso perché lo vedo come donna! le donne trans sono uomini e le persone non binary sono ragazzine che vogliono sentirsi speciali! non sono transfobica!” odio twitter",0,"19, white, polyam lesbian | dicono di me “autistica verbalmente aggressiva”",0,0,0.99981874,True
"@USER Siamo indietro a livello di diritti civili di 80 anni mentre il mondo va avanti.
Qui puoi dire frocio, neg*o e puoi discriminare liberamente senza paura di essere punito.
Peró oh, é un bel posto.
Il salario minimo c'è? Ah no, mi stupisce.
Come va l'economia?male? Mi stupisce.",0,"Working for the Italian Media Press Around The Game 🏀 as an All Around Journalist.

Twitch Superstar in my free time.🎤

Raptors Fan",0,0,0.9990251,True
"Niente mi fa sentire più frocia che essere usato dagli etero arrapati, che mi usano, schizzano e se ne vanno senza nemmeno salutarmi.
O sbaglio?
 URL",1,"Amo la vita, il divertimento, la trasgressione",1,1,0.99804,True
"@USER Il vostro è un problema di cultura democratica. Per voi i diritti stanno solo nel campo dei froci, dei travestiti, delle persone di colore e, per ipocrisia, in quello delle donne. Non capirete mai. Vede, il servo è infido. Quindi, a mio parere, me meno parlate e più convincete.",0,Possa tu vivere per sempre ... Efialte,0,0,0.99951303,True
"@USER ""io sono un uomo trans e sto con una ragazza lesbica-"" okay yes babes being queer is freedom with no restrictions

""-quindi gli uomini trans sono in verità donne e devono per forza sentirsi a loro agio in relazioni wlw"" eh no qui mi perdi",0,🏳‍🌈 - ⚧ - 🇮🇹 - COMMISSIONS ARE OPEN - banner: @USER - he/they - ITA/ENG - don't critique my art - URL,0,0,0.9998273,True
@USER @USER Perché sono ricchione e quindi non posso parlare?,1,"Claudio Mastroianni: a traditionally italian gay guy. Talks about tech, comics, pop culture, social issues. 

Thus: talks, too much.

Mostly IT, randomly EN.",1,1,0.9845329,True
"@USER @USER il patriarcato non mi colpisce. la questione del “frocio” è legata all’omofobia e non è un insulto, oltretutto. resta nella tua bolla e quando sarai pronta ad un discorso serio vieni a parlarne con noi, informati e leggi dei testi importanti, non fr33da. buona serata.",0,,0,0,0.9988896,True
"@USER @USER No, davvero, se la legge parla di ""transfobia"" non è trans escludente. E l'autodeterminazione del genere non è cosa da infilare surrettiziamente in una legge penale. Va fatta un'altra legge apposita e va discussa con chiarezza, senza nascondersi.",0,,0,0,0.99965143,True
"@USER Se questo può aiutare le persone trans sui social, ben venga. Ma la gente ne parla come se la transfobia fosse stata effettivamente sconfitta e mm nope. Cioè magari fosse così semplice sconfiggere l'oppressione",0,May the Force be with you || radfem 🦊 || @USER is my Pedro Pascal,0,0,0.99983096,True
"@USER @USER @USER Avrebbero potuto creare una statua per i diritti dei trans senza eliminare quella di Colombo, e aggiungere una nota del tipo che ricorda lo sterminio delle popolazioni conquistate. Così si fa la storia, aggiornando e non cancellando.",0,"Teslamaniac, investor and other minor boring stuff",0,0,0.9998361,True
"se pensate che a ledere i diritti delle donne siano le donne trans siete proprio fuori strada e sconnesse dalla realtà, ma come vi salta in mente una cosa del genere?",0,I’m undateable. (she/her),0,0,0.9998369,True
"@USER Società impazzita, si creano diritti ai trans e si toglie la possibilità di prendere un autobus ad un cittadino  che non si vaccina",0,,0,0,0.99982846,True
"@USER non è vero 😭 prima di tutto non tuttx transizionano, poi le persone trans etero hanno subito omofobia e lesbofobia prima della transizione. non è un privilegio il trattamento ricevuto perchè dipende da persona a persona e alcune volte ti dicono che sei solo lesbica/gay",0,cishet neurotypical able-bodied white man,0,0,0.9998247,True
dire “ti calmi” ad una persona trans mentre si sta parlando di transfobia è sbagliato beatrice non si sta parlando di gusti jk rowling è apertamente transfobica,0,,0,0,0.9998331,True
Io vera lella che ieri ho montato una libreria e oggi o sistemato i led i camera,1,🌈she/they. tv series & Korean music. lots in between. NOT spoiler free,1,1,0.9993599,True
"@USER le tue affermazioni sul Mondo LGBTQI sono vergognose.
Le persone a cui piacciono i trans non sono malate #LGBTQIAfamily @USER @USER @USER Parenzo vergognati omofobo",0,,0,0,0.9998276,True
"@USER donna, allora è tale. Di certo riconoscere una donna trans come donna non toglie diritti a me e alle altre donne. Per me femminismo è anche questo: far sentire protette e accogliere anche le altre donne, la cui voce di solito non è ascoltata.",0,Sottona del cazzo,0,0,0.9998282,True
"Sarri ha un limite evidente. La prima volta si è palesato quando in piena lotta per lo scudetto diede del Frocio a Mancini. l'uomo ha un limite, quando è sotto stress perde la calma. È un limite che un presidente deve considerare. E su Sarri è tutto ciò che ho da dire URL",0,"Bellunese
gens Barbia",0,0,0.998432,True
@USER A me fa girare i coglioni che i diritti delle persone trans vengano messi in discussione per la /possibilità/ che qualcuno finga di essere trans. Immagino si tratti di priorità diverse,0,"trans e arrabbiato | artista fallito | incurabile innamorato | INFJ | eterofobo, cisfobo e orgoglioso",0,0,0.9998306,True
"@USER @USER Dato che tu consideri una donna trans NON DONNA direi che c’è della transfobia. Il fatto che tiri fuori a muzzo la biologia per darti un tono poi, la dice lunga. 
Mi raccomando, è il Pride month, battiamoci per i diritti, ma solo se rispettano il sesso biologico. Basita F4.",0,Capelli lunghi e gonne corte: è così che Mel Gibson ha vinto l’Oscar. Una Pussycat Doll nel corpo di Rosy Bindi.,0,0,0.9998211,True
"@USER ma allora tu sei proprio scem col cuore, le persone trans fanno parte della comunità lgbtq, gli etero I CISHET come li vuoi chiamare tu NO. ma per te è troppo difficile da capire, mi sa che sei tu quell* che non è andat* lontanto torna nella tua tana e smetti di imbarazzarti",0,#Blacklivesmatter,0,0,0.9998325,True
"@USER Noi froci abbiamo il simbolo arcobaleno perché stiamo sempre a fare l’amore, mica come voi etero che state sempre a farci la guerra",1,Il Seth Cohen (o forse più Ryan Atwood) di Twitter Tipica faccia da chi vive per l’aperitivo,1,1,0.7344914,True
"I froci e l'annessa paranza alfanumerica, dopo essersi impossessati dell'arcobaleno simbolo dell'alleanza tra Dio e gli uomini, hanno rubato la parola e il concetto di orgoglio, almeno in Spagna.",0,"A dead thing can go with the stream, but only a living thing can go against it.",0,0,0.99932885,True
"Le donne trans subiscono transfobia e misoginia sia dagli uomini che dalle donne come stai dimostrando, senza vergogna tra l'altro.
PazzeSKa.

Se seguite questa tizia vi invito a rivalutarvi in quanto esseri umani✌🏽",0,Weird/Punk/feminist/Out of Control/Scrivo per vivere/She-Her/🌈Prometto di maturare ma non di crescere/ musicista/ ANTIFASCISTA /Nerd e alieno👽,0,0,0.99982965,True
"che tu sia gay, lesbica, bi, trans ecc, puoi definirti tranquillamente “queer” che serve ad indicare tutte le persone che non sono etero o cisgender URL",0,stream don’t spam,0,0,0.9998184,True
"//transfobia bifobia

non mamma che mi ripete il fatto ""o scegli quello o scegli quella"" e ""se sei un ragazzo trans è perché sei attratto dai ragazzi"" DIOCA",0,"he/she | veg | weeaboo| mi lamento gratuitamente |
a little artist | un po' asociale
sof1ar on insta",0,0,0.999818,True
"la vostra transfobia si sente quando iniziate a parlare negativamente delle persone trans e dei loro genitali così a caso quando potete benissimo evitare di riferirvi SOLO alla comunità trans ma non lo fate, ve ne sbattete il cazzo",0,ho un passato oscuro su questo social | regina degli allosessuali | she/her,0,0,0.9998264,True
"Giornata contro l’omotransfobia: la campagna di Arcigay URL Signori froci, per me siete liberi di vivere con chi volete e di fare quello che volete.  MA SOLO TRA QUATTRO MURA. Dovete ficcarvi in testa che alla gente SANA fanno schifo le vostre esternazioni.",0,"Sinistrofobo, omofobo, islamofobo",0,0,0.999468,True
"@USER @USER gli uomini trans sono uomini, si chiama Ciro ed è un ragazzo, imparate a rispettare i pronomi delle persone e riportare le notizie per come stanno realmente
non era una relazione omosessuale e qua si parla di transfobia
abbiate rispetto.",0,I remember you stayed up all night to make sure I was alright believe me when I say I would have done the same,0,0,0.9998312,True
@USER Ormai i diritti esistono solo per loro neri gialli gay trans e compagnia... se non appartieni a queste categorie non sei nessuno. BASTA!!!!! LA SINISTRA IN ITALIA DEVE ESSERE RIDOTTA AL LUMICINO UNA PURA PRESENZA SIMBOLICA ALMENO PER....UN VENTENNIO 🤣 troppi danni stanno facendo,0,"toscano, milanese d'adozione, cattolico praticante perchè NON SONO UN SANTO, 👍identità chiare e distinte 👎la fluidità, amo viaggiare, AMO L'EUROPA ODIO L'UE",0,0,0.99982625,True
"@USER Invece è transfobia: porsi con il pronome che corrisponde al sesso di nascita della persona trans lo è, anche perché esse hanno bisogno di vedersi trattate come donne o come uomini per essere aiutate nel loro processo di transizione.",0,♀️Pornography tells lies about women. But pornography tells the truth about men.♀️,0,0,0.999828,True
E se scoprissimo che in realtà la forcia non è così cute ma in realtà ha l’atteggiamento tipico da diva di Hollywood? Trauma assicurato,1,"Fede•26 she/her🌈 “We all are ghost story, at the end.” / chi nasce torto, muore torto. Non si indritta.",1,1,0.99929786,True
La verità è che per voi essere trans è una grandissima offesa e una cosa gravissima. Le riviste lgbt hanno sempre fatto queste parodie per triggerarvi e voi puntualmente ci cascate. URL,0,I define myself as a Tayriana hybrid. 19 |🏳️‍🌈|from 🇮🇹 |he/him |Targaryen 🐉 | classicist🏛|Languages' student 🇬🇧🇨🇳| Aspiring cabin crew✈️,0,0,0.9998248,True
"ORA, I CLANDESTINI, AVRANNO SUBITO DIRITTI DI CITTADINANZA ITALIANA, BASTA DICHIARARSI FROCI(NULLA A CHE VEDERE CON I GAY) E COME FAI A SAPERE SE LO SONO? FARANNO LA PROVA DEL TIRO A BERSAGLIO?😡",0,Voglio un governo che tuteli noi italiani,0,0,0.99949086,True
"Della bionda urlatrice che veste i panni della paladina dei diritti di lesbiche, gay e trans ne facciamo anche a meno-URL",0,"Quotidiano nazionale di Politica, Cultura & Opinioni URL Notizie edito da URL",0,0,0.99982446,True
"Ma, infatti, ricchione&amp;ignorante: Lotta per l'indipendenza dell'India (1914-1945) «Un paese rimane in povertà, materiale e spirituale, se non sviluppa il suo artigianato e le sue industrie e vive una vita da parassita importando manufatti dall'estero[»
URL",0,,0,0,0.999223,True
"Dire che le donne trans non possono partecipare alle manifestazioni femministe è transfobia, dire che non possono competere negli sport è transfobia (e anche ignoranza, informatevi), dire che una donna trans debba stare in una prigione maschile è transfobia",0,Life is a Matter of Black and White. @USER || I'm a gay vegetarian feminist and I love Alex Morgan and Christen Press.,0,0,0.99982315,True
"La Madonna trans è l'ultima sciocca  provocazione degli #LGBT dalla quale il solito @USER non prende le distanze. Del resto voi siete quelli che integrazione significa togliere,discriminare cristiani e un paese che non rappresentate visto che siete maggioranza nominata",0,,0,0,0.99982554,True
Chissà cosa pensa quella forcia di noi safficone che adoriamo i suoi kg di phessa da mattino a sera,1,"Fede•26 she/her🌈 “We all are ghost story, at the end.” / chi nasce torto, muore torto. Non si indritta.",1,1,0.9993862,True
"E invece sostenere che una donna trans sia meno donna solo perché - appunto - trans top transfobia, vero? Chiamare le persone subumani o peggio persone con “vagine finte che somigliano agli scavi di Ercolano” tutto nella normalità, vero?",0,welcome to the circus | 5hinee | ravenclaw @USER,0,0,0.9998318,True
#DDLZanLeggeControOmofobia e basta!!!gli uomini  e le donne sono uguali..i gay ed i trans  facciano ciò  che vogliono...ma nn rompano i coglioni!!,0,tifo brescia e per l' Italia intera,0,0,0.99981505,True
"non voler stare con una persona bi o trans non è una preferenza, è bitransfobia; se vi interessa una persona finché non vi dice di essere bi o trans, non c'è altro motivo oltre a questo",0,"she/her















































































































🍿🧃",0,0,0.9998222,True
Certe volte vi guardo e penso che siete più incoerenti di me quando vado a piazza bellini e dico questa è la piazza dei ricchioni mentre intanto ci sto a spasso io il ricchione supremo,1,"Any Pronouns - nonbinary / @USER's ★★★★★★ The chosen one, the Slayer.
@;virgothevampireslayer on Instagram. :(:",1,1,0.9993888,True
Senza offendere:  maschi gay trans lgbtq a e i ou ypsilon trans pansessuali unisessuali bissessuali quel che vuoi sessuali .. volevo dirvi che è bastata una donna che s’è mangiata una mela.. per dannare il mondo… non ce la farete mai 👀,0,"credo che la strega di Hansel e Gretel sia stata calunniata, si costruisce la casa dei suoi sogni, quando arrivano quei 2 mocciosi e cominciano a divorargliela",0,0,0.999798,True
"@USER In fondo se non discrimini i froci e sei un ""arcobaleno"", perchè dovresti ghettizzare ed umiliare una bella donna che ha solo sei anni più di te. Mi sembrerebbe davvero stupido e contraddittorio. Non trovi?",0,"Mò vi potete fà le foto in costume. CAPRE!
""Le Liridi"" su Amazon",0,0,0.9989793,True
"Perché l'omofobia è solo una propaggine della misoginia: 
infatti al ""frocio"" viene imputato il suo avvicinarsi alla donna, e nient'altro",0,URL,0,0,0.99958056,True
"@USER Si, la trans fobia é omicidio, lo istiga. Piú siamo un taboo e piú saremo in pericolo.
Una donna trans in terapia ha un livello di T basso rispetto ad un uomo, sopratutto se si é operata.",0,"He/Him | Atheist | Apolitical | Asexual | Asocial | Artist | Gamer | Cook | Wolfdog

I re-tweet stuff that I like. 

Art account: @USER",0,0,0.9998258,True
@USER la prima frocia a dire la messa,1,"Ho varcato le sogne del male e ho osato dire cose infame. Un frocio nel corpo di una lesbica. Chi è un'Ama, mi segua.",1,1,0.99948263,True
"Non uno di loro è gay trans o queer, per dire che anche tra i “migliori” quelli più vicini al tema non capiscono che le voci da ascoltare sono quelle dei diretti interessati. Un paese che discute dei diritti di gay e trans senza dare voce a gay e trans.",0,Il mio patrimonio umano è inestimabile. || bimba di mattarella | sconsolata stan account,0,0,0.99983394,True
"Ieri sono uscito con una tuta arcobaleno e un tipo mi fa ""frocio se vuoi ti faccio conoscere qualcuno che te lo mette al culo"" e all'inizio non l'ho presa benissimo",0,"•21/02/2019•31/08/2019•
Josh Dun 👽
||-//
🏳️‍🌈",1,0,0.99935037,False
"@USER amo non sai neanche cos'è la TRANSFOBIA e ignori le persone trans e silenzi le loro parole perché NON PIACCIONO A TE, chi è la vera terf qua...?",0,: waiting for that day ♒︎,0,0,0.999833,True
e anche la terza dose è andata ho finalmente il 5g e sono ancora + forcio di prima we have to stan URL,1,« 𝒇𝒓𝒆𝒆𝒅𝒐𝒎 𝒐𝒇 𝒔𝒑𝒆𝒆𝒄𝒉 𝒊𝒔 𝒂 𝒉𝒖𝒎𝒂𝒏 𝒓𝒊𝒈𝒉𝒕 » || oliver queen stan first human second || he/him,1,1,0.999388,True
ma poi nessuno nega che le donne trans non subiscano discriminazioni ma non sono legate alla misoginia è transfobia pero voi vi indignate e parlate senza sapere,0,i’m just an old cardigan under someone’s bed,0,0,0.9998246,True
"@USER Il DDL omofobia non va a intaccare l’opinione, ma l’atto di persecuzione.

Se direte che i trans vi fanno schifo non sarete puniti, se invece licenziate una donna perché trans invece si.

Smettetela di fare disinformazione, ma già so che non mi risponderete.",0,,0,0,0.9998394,True
fine della stirpe perché sono lella e odio i bambini:),1,"~𝟏𝟔♡ 
𝐢 𝐧𝐞𝐞𝐝 𝐚 𝐠𝐢𝐫𝐥𝐟𝐫𝐢𝐞𝐧𝐝.
𝐬𝐡𝐞/𝐡𝐞𝐫🏳‍🌈~
sono un alieno👽",1,1,0.99945027,True
"Gli attivisti trans e queer che attaccano i futuri genitori che dicono ""avrò un bambino/una bambina"" sono la nuova tacca nella discesa nell'abisso di follia woke di cui non sentivamo veramente l'esigenza.",0,Vado per esclusione.,0,0,0.99983644,True
"stai dicendo che le donne e gli uomini trans non sono donne e uomini? quindi oltre alla bifobia anche transfobia, ottimo",0,"they're burning all the witches even if you aren't one, so light me up.
Aquarius ☀︎︎ ┊Aries  ☽︎ ┊Libra ↑",0,0,0.9998253,True
@USER ASSOLUTAMENTE if u wanna hang out with my queers siamo sempre pronti per un finocchio in più,1,"21/☭ 1312/Art, Bugs & Cryptids. Angry queer punk unable to stfu about his hyperfixiations. Disegno e bullizzo fasci, cishet e liberali.",1,1,0.98649085,True
@USER @USER Pensi che le persone Trans siano come te? Con emozioni diritti e legittimità come la tua? Se la risposta è no. Anche solo 1 No vuoi dire essere Transfobi. Le Terf spesso non legittimando esistenza ne auspicano la scomparsa. Poi che non siano violente fisicamente è il minimo,0,"Demi-Bi🌈
Nerd🖖
 cinema e Serie🎬
Tech 💻
Marvel Lover 
Rock and Pop addicted 🎸
Human Rights 
Queer as usual 😉",0,0,0.99982005,True
"&gt; daniel radcliffe invece si sono sempre spesi per i diritti delle trans e in generale lgbtqi+, anche contrastando proprio la Rowling. Credo sia una scelta personale io che ne so non vado a vedere Allen o Polanski per dire, anche se qui la questione è diversa &gt;",0,,0,0,0.9998155,True
"@USER @USER Anche a Modena hanno bloccato il pride per l'inclusione delle persone trans gender. Arcilesbica ritiene femminile solo ciò che nasce femmina, discriminando tutto il resto",0,,0,0,0.99980444,True
"@USER I blm sono un gruppo terroristico travestito da movimento per i diritti civili. Hanno devastato città, statue e monumenti in tutti gli usa, se ti inginocchi rafforzi solo le loro ragioni sbagliate.",0,io me!,0,0,0.99960285,True
Appena scoperto che il fratello del fidanzato di una delle mie (2) amiche più care è forcio e pure bono oggi si vince URL,1,📚🧑🏻‍⚕️🦷 he/him @USER profilo backup,1,1,0.99937135,True
"@USER La storia non è così semplice. Sisters Uncut, che supporta i diritti trans anche se fa finta di essere un gruppo femminista, è dietro a tutta questa storia. Un sacco di uomini violenti e di trans dietro agli scontri.",0,"Gender dissident.
s 212 EA 2010: woman means female of any age.",0,0,0.9998259,True
"Tw // transfobia

Oggi dal terf italia è venuto fuori che dire che le donne trans minacciano i safe spaces per donne (wtf) non è transfobico perché alcune donne trans sono d'accordo e ""si chiama spirito critico"" semicit.",0,"I got a 90s R&B type of heart.
Italian×Unimib×intercultural communication. She/They. Transfobicx not allowed. Eterofobx, cisfobicx e razzista al contrario.",0,0,0.9998281,True
Lo ripeto: i froci fanno vomitare e i loro pride di merda altrettanto visto che la domenica vorrei dormire e mi svegliano con Lady Gaga a palla,0,,0,0,0.9972095,True
"@USER Avessero scritto LGBT+P froci pedofili.. a quest'ora anche le teste di cuoio avrebbero mobilitato.. d'altronde, stesso modus operanti a riguardo azioni violente... un immigrato irregolare, può fare che azzo gli pare e piace, un italiano invece, sfiora un lampione... ""ARRESTATO""🤢",0,"E sempre: ""GRAZIE SOLE"" ( da un provetto spoetatore seriale )",0,0,0.9995766,True
bgiorno leggendo la canzone di achille e ora i forci si sono incontrati yee che carini questi criaturielli,1,"essere lesbica e napoletana sono gli unici tratti della mia personalità, non ho altro da offrire 
⠀⠀⠀⠀⠀⠀⠀⠀⠀⠀⠀⠀⠀⠀⠀⠀⠀⠀⠀⠀⠀⠀⠀⠀⠀⠀⠀⠀
she/her",1,1,0.99931514,True
"tw // transfobia

esempi di commenti transfobici
.
.
.
.
.
.
.

se una donna trans è molto femminile ""eh ma non siete donne solo perché hai i capelli lunghi e il trucco"" se non è molto femminile ""eh ma è brutto non sembra proprio una donna"" avete rotto i coglioni.",0,"all the lonely people, where do they all belong?            READ CARDS | she/her | bi (🏳️‍🌈/🏳️‍⚧️ safe place) | INFP | FRANCO ORESTE SUPREMACY @USER",0,0,0.9998248,True
"@USER @USER @USER Chi è chiuso di mente è lei. Per lei oltre i diritti dei gay e trans non esiste nulla. La cosa strana è che non ho sentito un gay pro DDL ZAN, dare solidarietà ai Disabili.",0,"INTELLETTUALE ,MA NON DI SINISTRA.Segretaria Nazionale Associazione INCANCELLABILI .",0,0,0.9998171,True
"Paladina dei diritti gay quando ancora in Italia la parola frocio non era considerata un insulto. 
Paladina del Girl Power quando Geri Halliwell prendeva il latte dal biberon. 
Influente quando essere influente non era un mestiere.

Raffaella Carrà: prima di tutto e tutti.",0,"donna incomprensibile e felicemente incompresa, incrocio tra luca giurato e marina sbardella che se la tira su twitter e niente ciao",0,0,0.9995747,True
"@USER E i finocchi? Le lesbiche? I trans? I queer? I pedofili? Li accettano?
Gli ultimi li ""accetterei"" volentieri anche io.
Lontano da occhi indiscreti ed in folta presenza di lupi, orsi, volpi e cinghiali.",0,Imprenditore del SW Industriale con molta esperienza all'estero ed una sfiorata iscrizione al Mensa.,0,0,0.99982435,True
"tw; transfobia

ma come fa una persona trans ad invalidare la disforia delle donne trans riducendole a persone a cui piacciono i vestitini e il trucco quando soffrono di un disturbo che compromette ogni aspetto della loro vita?",0,,0,0,0.9998191,True
Ma gli attori di Queer as folk ci hanno reso tutti froci e poi sono scomparsi? chiedo.,1,"Tableau vivant dedicato allo scazzo.                      

🏳️‍🌈",1,1,0.99890614,True
La transfobia è una questione seria e le persone trans sono disumanizzate e meritano di più che essere usate come guadagnare clout su internet.,0,#LIAM: how do you love someone so much it makes you hate them? || zouiam supremacy | she/her,0,0,0.99983275,True
"In pratica chi è contro la legge sulla #omotransfobia vuole il diritto di dire ""FROCIO DI MERDA"" a uno per strada senza rischiare una sanzione ma si offende se gli dicono che è un ""CICCIONE DI MERDA""?

Fatemi capire",0,"Sono il nonno di Twitter. Un po' maniaco, un po' razzista. Uno vecchio stampo.",0,0,0.9994399,True
"@USER @USER @USER Non facciamo noi le regole. Se qualcuno non lgbtq+ usasse frocio, lo scrivesse io sarei il primo ad inveirgli contro fino a che non vedessi delle scuse sincere e senza giustificazioni.",0,"Made of pani cun tammatiga, civraxiu e cannelloni.",0,0,0.9996704,True
Cmq il mattoncino insieme a bandiera pride e quella trans già non si può vedere e ha poco senso se nel tweet si perculano le battaglie #lgbtq 🙄,0,Sono la dimostrazione concreta che non capire mai una minchia si possa. 🏳️‍🌈Cis/Pansessuale/Poliamoroso/Liberal il 20/11 Unione civile con ragazzo libanese 💍,0,0,0.99982256,True
"Io sono analfabeta funzionale, ma non sono una merda di sinistra, non sono frocio, non sono lgbtq+, non sono terzomondista, non sono cattocomunista, non sono comunista, non sono frociofilo, non sono falso e bizzoco come te. Buon #coronavirus a te.😊",0,"Italiano 🇮🇹
Abbiamo già dato!",0,0,0.999482,True
"un conto è insultare gli uomini trans e far pesare loro le mestruazioni, questa è transfobia. un altro conto è parlare su un social libero del proprio corpo e del proprio ciclo ed essere zittite, questa è misoginia.",0,"t as in troy? no gabriella, t as in Time to destroy patriarchy // lg(b)t 🏳️‍🌈 || she/her 
(priv: @USER)",0,0,0.99982566,True
"raga ma hailee guarda i tweet in silenzio, quella come minimo mi denuncia per quante volte l’ho chiamata forcia e lesbika URL",1,"vedo serie tv 📺 , dormo 😴 , mangio 🍕 e studio 📚 she/her",1,1,0.9993326,True
"tw // transfobia 

comunque continuare a dire alle persone nb e trans “eh ma biologicamente sei una donna/un uomo!!1!” è transfobico e lo sarà sempre cioè non so quando avete cominciato a pensare che non lo sia",0,"#NICO: making it a better life, that's the trick • 26 • she/her • faramir of gondor and haldir stan account • intersectional feminist • read carrd bf",0,0,0.9998247,True
"“La cattiveria non è mai nella lingua ma nelle intenzioni”. Se la comunità lgbt dice che il termine frocio è offensivo perché rappresenta discriminazioni e sofferenze e voi lo usate lo stesso pretendendo anche di spiegarci perché non lo è, lo fate intenzionalmente ed è cattiveria",0,Med Biotech • he/him • 🏳️‍🌈 • Juventus FC • from Chromatica • Corvonero • AHS • canetti lover • Marvel ⎊⧗⩔✪➳◊𖤍४꘩ᗢ۞⨂ • DC♆,1,0,0.9943283,False
"@USER + quindi non è inutile come credi. qui non si parla dei diritti dei gay, si parla di diritti dei trans che è ben altro e probabilmente non lo sai visto che avrai un livello di informazione riguardo l’argomento pari a 0",0,#MADISON: the world is mad and they say i'm the crazy one || HE/HIM,0,0,0.9998204,True
"Soft può essere quello che vuole 🔪 twinkissimo, bellissimo, frocissimo, queerissimo e ferocissimo 💜💜💜 — ma più che voglio nel senso….. sono. sono un uomo queer, e mi piacciono anche gli uomini. stacce anon.
e mordo pure quindi… URL",1,queer and campy | 24 | he/him | nsfw sometimes | ♇ ☉ | terfs dni,1,1,0.9992343,True
"@USER @USER @USER Non lascio stare proprio un cazzo. Ci sono donne trans che lottano ogni giorno contro la discriminazione. Nella mia città una è stata picchiata perché stava camminando per strada, e il fatto che cerchiate di escluderle da qualsivoglia battaglia è disgustoso",0,Sono quello polemico del gruppo. 20y/o. He/Him,0,0,0.99982506,True
"Tw: transfobia

Letteralmente piena di gente che ""non sono transfobica ma"" &gt; misgendera &gt; chiama le donne trans ""uomini che si truccano"" o ""predatori sessuali"" &gt; manda avanti stereotipi etc

Raga ma ce la fate cazzo vi svegliate",0,"veg🌿  ||   parlo un po' di weight bias e violenza di genere ||   White feminists don't interact  ||  ascoltate le minoranze.

extra: @USER",0,0,0.9998159,True
Adoro i frociui in tendenza ✨ #LGBTQuarantine,1,19 🌈,1,1,0.99950993,True
Ma questo scemo pensa sempre ai froci e LGBT??? Ma non si rende conto che razza di problemi deve affrontare il nostro caro paese?? Fanculo va 🖤🖤,0,Medico Radiologo . ROMA Account DX & W Dvx !🖤🖤 no sinistroidi! (Rientrato dopo 8 mesi di sospensione boldriniana),0,0,0.99971825,True
"Rimini annulla il Pride: è il primo grande evento annullato a causa del Green Pass.
I trans sono contrari perché rivelerebbe il loro sesso.
Letta studierà una deroga GreenZan??

#DDLZan #Greenpass #Letta #Pride",0,Amo parlare scrivere e raccontare di politica con voce libera. Scrivo per il Secolo d’Italia.  🇮🇹,0,0,0.9998142,True
e quando le saffiche porteranno lella in uno spazio e le faranno dire “all i can say in italian is fessa pesante and vaffanculo”,1,She/ her ~ quella dell’appuntamento saffico delle 23:00,1,1,0.99907887,True
"Ddl Zan art . 7. Giornata dedicata al contrasto omofobia, lesbofibia, bifofia, trans fobia.  E va bene. Ma tutto il resto? I  sono almeno una decina di categorie di generi/ orientamenti sessuali.  perché  sono esclusi?  Discriminazione di minoranze #gender #DDLZan va modificato",0,,0,0,0.9997913,True
"come quando “ma frocio non mi sembra un insulto” amore mio se io parte della comunità lgbtqia ti dico che lo è, lo è. fai parte della community? no? e allora che cazzo parli a fare",0,la città della lupa è una tartaruga,0,0,0.9988758,True
"@USER Ssssttt!!! Non si può più dire. 
(e magari era un trans Female to Male, nello slang LGBTP, che ha conservato l'utero e ha dato vita e allatta un figlio, ma siccome si sente uomo è uomo e il bambino è nato da un uomo)
((cosi dicono))",0,Non indottrinabile al pensiero unico dominante,0,0,0.99977773,True
"@USER Tw transofobia
Io non ho capito se è un uomo trans o una lesbica che usa il maschile, ma è la stessa persona che chiamava le donne trans ""scavi di ercolano"". Un soggetto di merda, che sputa ogni tanto, per ricordarmi che tra le radical gira la monnezza",0,"~You go down just like Holy Mary on a cross~

🇮🇹/she-her/24/bi/ENFP-T/vet student/art lover and huge nerd/beware nsfw
header mozgistired/propic junkmixart",0,0,0.9998301,True
amo ma ha solo detto che gli piace il cazzo non ha nominato le persone trans non ha detto che non meritate diritti daje vedete transfobia ovunque ormai,0,erwy,0,0,0.9998197,True
"Ma lultimo che ""froci"" e subito dopo ""LGbt 4ever e bla bla bla 😜😜😜"" haha so quirky haha I'm soooo random 🤣🤣🤣 la gente (non) ride alle mie battute!! Haha perché in realtà sono... INSULTI 😂😂😂🤣🤣🤣🤣😜😜😜😝💯🔝💯🔝",0,Too gay to apologize,1,0,0.99171406,False
@USER @USER Poi dimmi un po’ è giusto per te che una persona trans abbia meno diritti di te persona etero? Davvero? I diritti variano in base all’orientamento e all’ identità sessuale? Ma in che mondo vivi,0,,0,0,0.99983335,True
@USER Ha votato una persona che nega i miei diritti da frocio … la cosa è totalmente diversa da simpatia o gusti del gelato,1,you remember me 🏳️‍🌈🇪🇺🔬,1,1,0.9994692,True
"Luxuria a Salvini: non occuparsi della trans omofobia perché c'è il covid è sbagliato, il governo deve occuparsi di tutto. 
Ed occuparsi solo di malati covid tralasciando cardiopatici, malati di tumore, ecc. cos'è?",0,"Ho girato il mondo, l'Italia era il posto più bello del mondo prima dell'invasione. Se siete pro accoglienza, evitatemi. Intollerante ai comunisti.",0,0,0.99980444,True
"Qualcuno dei relatori della legge anti transfobia potrebbe spiegarmi cosa è un trans esattamente, e cosa è una frase transfobica per capire se sono transfobico? Vorrei adeguarmi rapidamente alle nuove direttive.",0,Cronache dalla placida e consapevole autodistruzione di una civiltà,0,0,0.9998362,True
odio i gay odio i froci odio la comunità lgbt se mi vedete per strada a bruciare gli omosessuali fatevi gli affaracci vostri,0,,0,0,0.99916804,True
Che poi è l’etero medio come Pio e Amedeo che va a trans la sera a farsi spaccare i cocchi! #pioeamedeo #LGBTQ #DDLZan #DDLZanLeggeControOmofobia #right  #HumanRights,0,"T'appartengo ed io ci tengo 
E se prometto poi mantengo 
M'appartieni se ci tieni 
Tu prometti e poi mantieni",0,0,0.9998017,True
"@USER @USER + non vengo presa seriamente da una parte della LGBTQ+ community e dalla trans community soprattutto perché se non mi vesto androgynous non posso essere enby, giusto?",0,"racist to whiteys, be mad about it 💜 ×
ugw: underground. × i tweet about spirituality a lot × they/them. × mostly vent and rant ×",0,0,0.999665,True
"Letteralmente le donne trans vengono uccise solo perché TRANS,sì le donne cis devono ancora lottare per avere lo stesso salario degli uomini ecc..,ma le persone trans devono lottare il doppio,solo per essere accettati dalla società. Ma che ne posso sapere io ,sono solo +",0,Blue||18 || They-Them||🏳️‍🌈||,0,0,0.99983037,True
"Io mi sono rotto i coglioni di tutte queste porcate. La Madonna è la Madonna, Dio è Dio, trans lgbt lesbiche gay sono quello che vogliono essere. A tutto c’è un limite!",0,"Se incapaci di scherzare, se il resto del mondo non vi caga, se solo capaci d’insultare chi non la pensa come voi toglietevi dalle palle. Animalista !",0,0,0.99979335,True
"N3tflix che flexa la rappresentazione LGBT nelle proprie serie e poi:
-persone trans misgenderate nel doppiaggio
-""my wife"" (detto da una donna) tradotto con ""la mia compagna""
-error 404 bisessuali not found (oppure: spiegazione sbagliata delle definizioni di bi e pan)",0,Toasters should be used for bread. 🇨🇵🇩🇪🇬🇧🇮🇹🇷🇺,0,0,0.9998275,True
"Top story: @USER: 'Col pdl #Zan rischio la galera per #omofobia se dico che questa dei trans che si mettono ad allattare è una schifezza!
Non importa, continuerò a dirlo
Gli adulti facciano come vogliono, ma i bam… URL see more URL",0,"Basta vitalizi, basta privilegi, basta sprechi! TAG #bastacasta",0,0,0.9998104,True
@USER Solidarietà a tutti tranne a quei quattro “froci” che hanno riempito il centro di Roma per il #pride  pensi sindaca che a Milano @USER c’è stato e ha appoggiato il movimento e lei dov’era??,0,40 enne Romano. Sarcastico e Caustico per Passione. #AmoRoma Verifico le cose  #HackingRaggi Seguo #RaggiNew24 per #Propaganda #antifascista #antiM5S,0,0,0.99852127,True
"@USER @USER Sei donna? No, zitto. Proteggere le vite trans non toglie diritti a noi donne, e vatti a leggere un libro sulle terapie ormonali, prima di dire stronzate",0,"she/they, 25 and still running (more or less), les🐝an 🏳️‍🌈",0,0,0.9998299,True
"Cosa c’entra la legge zan o la transfobia? Mo’ non è che se ad un gay, a una persona trans o a un nero diciamo “stupid*” siamo automaticamente omofobi o razzisti.",0,"he/him
URL",0,0,0.99981695,True
"#DDLZan con le persone trans o niente #DDLZan.

Non si escludono le persone dai diritti. Non sono di serie B.

O niente #DDLZan e #ItaliaViva e le altre destre se ne prenderanno la responsabilità.",0,European 🇪🇺🇮🇹🇺🇸no ai due Mattei 🔴🟡 #FBR #UnitedStatesOfEurope #ActiveMeasures Expect lots of tweets in Italian NO Putin/Lega/Mattei. #BTLM sì al ref ‘20,0,0,0.9998056,True
"@USER I trans non sono donne, sono trans e non ho capito perché se ne vergognino. Dovrebbero essere orgogliosi del loro percorso. Io li ammiro.",0,,0,0,0.99982846,True
"@USER i tuoi amici trans non sono tutta la comunità trans e andare ai festini lgbt non ti dà il pass per dire quello che ti pare, se una persona della comunità lgbt cerca di farti capire che hai detto una cazzata tu da persona cishet non dovresti insistere, capisci quello che ti pare.",0,"21 - aries - he/him - eng/ita
(170809 ♡ 180617 ♡ 190703)
art acc @USER",0,0,0.99983704,True
io mi aspettavo di vedere qualche foto della forcia e invece niente ha deciso di deluderci anche questa volta URL,1,"she/her 🏳️‍🌈

ceo of procrastination 🪂

med student 🩺📚",1,1,0.99933124,True
"Nel frattempo però nella comunità LGBT c'è gente che per scherzare si chiama frocio, culattone e finocchio
Premetto non sono eterosessuale e quindi so di cosa sto parlando #GFVIP",0,,0,0,0.9997583,True
"Nel momento del bisogno anche il trans più famoso d'Italia ricorda di essere nato maschio e ne fa punto d'orgoglio. 

#mauriziaparadiso #claustrofobia URL",0,"Sciovinista occidentale: zero sensi di colpa per la storia dell'Occidente, perché la Storia si studia non si giudica.
Agli idioti rispondo con gif di cecchino",0,0,0.99981445,True
"Un mio amico ha pubblicato una foto in costume e si deve sorbire i commenti di questo tizio, forcio pure lui tra l'altro 🥲 URL",1,#BlackLivesMatter | | Shower singer | | Dev (kinda) | | He/Him | | EN-IT | | Genova,1,1,0.99939287,True
"si dai dimmi se una donna trans nera e lesbica e un maschio bianco cis e etero hanno gli stessi diritti
URL",0,most fun i ever had ; she her | read carrd byf !!,0,0,0.9998011,True
"@USER Vivo il mondo LGBT !!!
Froci e lesbiche possono fare ció che vogliono, il popolo non deve ribellarsi !!!
A queste, invece, bisogna rinchiuderle !!!

Questo é il vero schifo della sinistra, in tutto il mondo: la legge é uguale per chi dicono loro !",0,Cittadino libero pensatore,0,0,0.9997036,True
“Un promemoria durante il Pride Month che il 61% delle persone trans uccise l'anno scorso erano prostitute e una parte significativa di queste persone sono donne di colore. Riposa al potere Nona ✊✊”,0,"""Eppure, non volevo tentar di vivere se non ciò che spontaneamente voleva erompere da me. Perché era tanto mai difficile?” 🌈🇮🇹 🇬🇷 🏳️‍🌈🇪🇺🏴‍☠️ 🌈✊🏿",0,0,0.9998154,True
"Ma se la lobby Lgbt manganella una scrittrice 81enne perché ha ritwittato un testo in cui s’afferma che le trans non sono donne o quando le stesse manganellate piovono su un comico di colore accusato di transfobia, si può dire che è in atto un attacco alla libertà d’espressione? URL",0,"Giornalista, scrittore, del Popolo della Famiglia, direttore de La Croce, il suo ultimo libro è Il Grido dei Penultimi. Sposato con Silvia e papà di tre figlie.",0,0,0.99981827,True
"@USER Tw: transfobia 

Li abbiamo letti tutti i tweet in cui si dice che le donne Trans sono uomini, che le vagine delle donne trans sono come scavi di Ercolano e mille altri tweet di questo gente",0,"Sono intelligente, bella e modesta.
Almeno una di queste affermazioni è falsa.
(she/her)",0,0,0.9998267,True
"Perché i trans e le trans sono nella comunità LGBTeccecc… se la loro questione è l’identità di genere, mentre quella degli altri è l’orientamento sessuale?",0,"Vivo nel mio mondo fantastico. Appassionato del trash, geek, gamer 🕹👾 e cultore del vintage💾. probabile follow back. defollow = defollow",0,0,0.9998167,True
"Quindi Trump vorrebbe togliere i diritti ai trans così che se una persona trans va in ospedale in fin di vita, i medici possono anche rifiutarsi di salvarl*.
Wow, complimenti.",0,Weird/Punk/feminist/Out of Control/Scrivo per vivere/🌈Prometto di maturare ma non di crescere/ musicista/ ANTIFASCISTA /Nerd👽,0,0,0.9998363,True
"Fra siamo letteralmente gay, posso usare le parole frocio finocchio e ricchione, nessuno l3 usa più come insulti, dovresti aggiornarti un attimo che siamo 2022",1,"⫘⫘⫘ 𝕻𝐒𝐘𝐂𝐇𝐎𝐏𝐀𝕿𝐇 ⨳ 𝕾𝐋𝐔𝐓. ⋆ ࣪ オ𝟎𝟑.

› 🕷 ˖ ࣪ 𝐒𝐀𝐓𝐀N̸𝐈𝐂 𝐏𝐑𝐈𝐍𝐂E̸𝐒𝐒(༒︎) 𝐁𝕺𝐒𝐒 𝕭𝐈𝐓𝕮𝐇 .
                       𝐏𝐔𝐑𝐏𝐋𝐄 𝐊𝐈𝐍𝐆",1,1,0.9993012,True
@USER Poi il 2 dove comunque rivelano che un membro della crew era trans e ci sono openly queer characters mentioned e genderless spaces and bathrooms? I was like ❤️👄❤️,0,"mutual sympy super supportive ❤️
(or so I'm told)L(G)BTQ  He/them   The cryptid from the neighbourhood park
Propic by: @USER",0,0,0.9997925,True
"LGBTQIA, l'acronimo s'ingrossa sempre di più.
Fognini si autodefinisce 'frocio' per la rabbia.
Ápriti cielo.
Il finimondo.
Si scusa, ma nessun PERDONO, anzi, rincarano la dose di insulti.
'Puttana Eva'.
Spesso lo diciamo e allora aspettiamoci querele da chi porta questo nome.",0,"Ci metto la faccia.
Non sono di dx né di sx.
Spesso, controcorrente. Amo il cinema francese e tutti gli animali. Fan di Brigitte Bardot, Jannik Sinner e Dr.Pol.",0,0,0.9992748,True
"io non ce la faccio più che tutti i forci conoscono gli altri forci e si scrivono tra di loro, che noia",1,"he/him , 171 cm di noia e stanchezza, ‘01 URL",1,1,0.9993198,True
"Le persone trans nere sono una finestra di possibilità per gli uomini e i ragazzi che lottano per esprimere le proprie emozioni ed essere teneri, per le donne e le ragazze che lottano per essere visti come leader intelligenti e capaci,per tutti coloro che si trovano tra le lotte-",0,Selena Gomez’s Official Italian Twitter © | @USER - @USER,0,0,0.99983215,True
"@USER È vero, checca è uno slur omofobo mentre mezza lesbica è stato usato parlando di queerbaiting e non di bisessualità
Quindi non sono proprio paragonabili",0,,0,0,0.9989795,True
"@USER Parla della comunità lgbt+ urban ed entra nel mondo trans e gay in un modo diverso da come possono fare altre serie, riesci proprio a sentire le esperienze dei personaggi e le loro emozioni. Riesce a denunciare l'emarginazione sociale e la discriminaziond in modo perfetto",0,"Regista professionista di film mentali🎥
Premio miglior regia di castelli in aria 2019-20🎬
Sposato non ufficialmente con il tiramisù nel frigorifero💒✿
He/him",0,0,0.99981195,True
"per fortuna che son lella, altrimenti somatizzando l’ansia a livello intestinale, sarei perennemente allarmata convinta che possa essere altro;",1,"non ho sbatti di fare una bio decente, she/her | infj-t | ☉ virgo ↑ scorpio ☽ cancer | mcu | hufflepuff",1,1,0.9993212,True
"Dire Frocio è una parola che non si può più usare ed è al livello della n-word, perché spinge all'omofobia, emarginazione, e al bullismo. Contessa ESPULSA. #GFVIP5 #GFVIP",0,,0,0,0.9995018,True
"Ho passato gli ultimi 40 minuti su un gruppo FB, a discutere sul perché i diritti dei trans siano diritti umani, contro una persona che mi rispondeva con affermazioni del calibro di: ""Ma sono solo fissazioni"" o la mia prefe ""É solo per moda"".
AH OK FRA",0,"SSBU player from Turin, Italy 🇮🇹 | Ness main | Trying to main PT | Open DMs | #0 on IchnoSmash PR and #3 in the Piedmont one |",0,0,0.99981827,True
"Premesso che le persone trans non vengono prese sul serio per colpa della transfobia e non di questi imbecilli, 'sta gente sta fuori da ogni grazia di Dio. Io mi chiedo come si possa prendere sul serio una che ti dice ""il mio pronome è prrr""",0,Never tell me the odds,0,0,0.99982977,True
@USER Ripensando a netflix che fa tanto la lgbt+ ally e poi ha licenziato un* dipendente trans perchè ha osato parlare male dello show misogino ed omofobo di un comico CHE STA SU NETFLIX,0,"~You go down just like Holy Mary on a cross~

🇮🇹/she-her/25/bi/ENFP-T/vet student/art lover & huge nerd/nsfw/ghost obsessed
icon:mxgicdave",0,0,0.9998217,True
"invece voi che combattete per i diritti della comunità trans solo quando si parla di odiare le lesbiche, quanti punti di incoerenza avete raccolto?",0,let's make critical thinking great again | ⚢,0,0,0.99983275,True
@USER @USER Per fortuna il culto trans non esisteva ancora e ne sono uscita come ne escono tante altre. Mi sono resa conto che il problema non era il mio corpo femminile ma gli stereotipi che la nostra società gli assegna.,0,"Terfy McWitch. No, I am not shutting up.",0,0,0.99983215,True
"Tw:transfobia

Allora quando si parla di una donna trans bisogna sempre e comunque, a costo di fare outing, specificare che è una donna TRANS ma se diciamo a una donna cis che è CIS siamo misogine 🤔🤔

OK terf URL",0,"SOCIAL










        Feminist (intersectional leaning) 
She/her

             🇮🇹, ⚽ and 🦊 don't interact",0,0,0.99983454,True
"La comunità trans lotta contro se stessa, contro il minority stress, contro chi gli concede diritti a metà e non è assolutamente giusto che la colpa del cosiddetto WHITE CIS MEN violento ricada su di loro. Non lo accetto.",0,1/3 di @USER | Sometimes a wallflower | Director & Screenwriter | Meteoropathic | Photographer,0,0,0.99983466,True
buonanotte e buon anno forci URL,1,rivendico il mio status di pugliese introspettivo succoso disturbato (he/him),1,1,0.99937373,True
"Queste sono le stesse che per cercare di minimizzare l'impatto delle persone trans nella comunità lgbt+ sostengono che Marsha fosse solo una drag queen e non una persona trans, per poi girarsi dall'altra parte e dire che le drag queen non c'entrano nulla con la comunità con ""noi""",0,"trans, italo-albanese, interista e ferrarista 🏳️‍⚧️🇦🇱🇮🇹 | cl16 mv33 | he/lui, 21, ♌",0,0,0.9998317,True
Dire che una donna trans è biologicamente diversa da una donna con cromosomi XX non è transfobia. Basta con questo linciaggio a #JKRowling. Siatele grati per il capolavoro che ha creato e al massimo criticatela per le retcon palesi in #AnimaliFantastici #Rowling #HarryPotter,0,,0,0,0.99982065,True
"#Bologna intitola con orgoglio un piazzale a Marcella Di Folco, prima consigliera comunale trans al mondo. Una persona che ha fatto la differenza per questa città e che vogliamo ricordare anche in questo modo.
Approviamo al più presto il #DdlZan URL",0,Sindaco di Bologna!,0,0,0.99981636,True
"@USER Certe cerimonie escludono le coppie lgbt, le persone trans dalla vita religiosa così come dai ruoli religiosi e questo è un fatto che avviene in tutte le principali religioni. Ci sono controversie sulle Imam donne così come le suore relegate a ruoli umili ecc",0,"Non recensisco film, faccio loro l’autopsia. 
I eat boys up, breakfast and lunch
Then when I'm thirsty, I drink their blood
𖤐 IG : BarbieXanax",0,0,0.9998301,True
"il sessismo sì, la transfobia no

con il nostro metodo si risolve tutto però no perché lo fanno i TrAnS KaTTiVi MiSoGiNi",0,he\they · isfp · nd · bi × ceo of trans keith × constantly bored,0,0,0.9998109,True
"TW: transfobia

Raga questə in qualche modo si è convintə che io sia una donna trans e ora mi sta misgenderando. Cioè io rido, ma che circo veramente.",0,"Scrivo un sacco di tweet a caso. Studio lingue in modo compulsivo. Milanese ed europea (a volte anche italiana).
She/her
INFJ-T",0,0,0.9998286,True
no vabbè appena iniziato american horror stories e c’è già la coppia forcia e la coppia saffica per ora NESSUNA coppia eterosessuale in vista we love to see it,1,sono come il sole. bacio i belli e secco le merde ••• he/him ••• 20 ••• unimi,1,1,0.9987085,True
"@USER La pensassero tutte come te...ne avremmo comunque di finocchi ma ""con l'orgoglio"" no eh. E gli etero allora saremmo tutti coglioni che non facciano ""l'etero prude""??? URL",0,La luce squarcia sempre le tenebre... non è una legge naturale ma soprannaturale! Per questo non sarà mai il contrario!,0,0,0.99810505,True
"@USER io penso che la lotta femminista possa beneficiare le donne trans che senz'altro capiscono cose come il cat calling e non le zittirei su quell'argomento. 
semplicemente poi ci sono spazi e spazi, alcuni argomenti non le riguardano come l'esperienza trans non riguarda me.",0,intj with a god complex and that's pretty much it,0,0,0.9998318,True
"Io alle medie ero super pro lgbt senza la T, cioè dicevo robe sui trans che mamma mia mi vergogno tantissimo.

Ecco, mi sono confessata.",0,"kill 'em with kindness❣️🐼🐥 //

I'm made of paper",0,0,0.9998167,True
"tw // transfobia
e il ragazzo trans è in ospedale dopo un tentato omicidio, avendo perso una persona amata, mentre tutta l'Italia lo sta misgenderando. questo ragionamento è meschino e irrispettoso",0,i only understand love and liberty,0,0,0.9998254,True
la quantità di forci nel pubblico manco solo io e ci siamo tutti,1,"🕳️𝑻𝒉𝒆 𝒐𝒏𝒍𝒚 𝒘𝒂𝒚 𝒕𝒐 𝒔𝒕𝒂𝒚 𝒔𝒂𝒏𝒆 𝒊𝒔 𝒕𝒐 𝒈𝒐 𝒂 𝒍𝒊𝒕𝒕𝒍𝒆 𝒄𝒓𝒂𝒛𝒚🕳️
⠀⠀⠀⠀𝙵𝚊𝚗 𝙰𝚌𝚌𝚘𝚞𝚗𝚝 She/Her",1,1,0.99945587,True
"Tw // lesbofobia

Quindi tu dici che noi consideriamo le donne trans uomini mentre sono donne al 100 % E quindi sono incluse nel lesbismo anche se non sono ancora operate? Quindi stai dicendo che alle lesbiche piace il cazzo letteralmente",0,I love women as a feminist and a lesbian,0,0,0.9998274,True
"@USER Di una cosa sono contento che:

la frocitudine
i gay
lesbiche
gender 
LGBT
pedofili
preti finocchi
culattoni
travestiti
pervertiti
drag quenn

sono tutti dichiaratamente, 
inequivocabilmente 
sicuramente 
qualunquemente...
sotto l'ombrello della SINISTRA.
URL",0,"""Bisogna che vi rassegnate a non mentirvi, a non prendervi sul serio perché noi siamo in quello che ci manca, non siamo in quello che siamo""  C. Bene",0,0,0.9996,True
"tw \\ transfobia
-
-
-
-
-
-
ma quanto dovete essere delle teste di cazzo da tradurre un libro di un autore trans in cui parla della comunità trans e usare il suo deadname",0,"pansexual and non binary ||
Infp ||
They/them; he/him; xe/xir",0,0,0.99982953,True
"@USER puntualmente si scordano in italia che esistono noi strani mostri trans ai pride..... non è il pride dei ""gay"" e etero non vuol dire non queer aiuto 😭 basta odio i cis allo hets dio cane",0,20▫️🇮🇹southern italian▫️he/him▫️trans boio▫️mlm🏳️‍🌈▫️demiace/demiaro▫️adhd▫️ur commie bear dad▫️ perpetually tired▫️💙@USER💙,0,0,0.99976426,True
"@USER in effetti basta vedere la tua foto profilo,per capire che non sei uno proprio “normale”;”frocio”non sarà il termine adatto,ma nemmeno pretendere che gli altri si adeguino a QUALSIASI COSA lo è: le città e i costumi del vivere stanno diventando una”cloaca maxima”in tutto il mondo",0,"Un posto d'oltremare è lontano solo prima di arrivare (cit) NO DM -NO PORN-NO TRENINI - Follow non vuol dire condividere sempre le idee, libertà d’opinione",0,0,0.9237137,True
"La extrema destra brasiliana sta lottando per togliere il diritto delle trans cambiare il nome di battesimo a causa di questo fenomeno di oggi dove uomini se definiscono trans però la trazione è una cosa che loro non interessa di farlo perché essere donna sta solo nella ""essenza""",0,"RAGAZZA TRANS BRASILIANA (vietato ai minori di 18 anni) 🐷😋💶🔞

Segno: Scorpione ♏ ascendente : Cancro♋",0,0,0.99983394,True
"@USER In che senso capita ciò che ho scritto nel primo punto? Se è un uomo trans come fa a subire lesbofobia, non è una lesbica.
Se lo trattassero come una lesbica sottointenderebbero che è una donna ma a quel punto è transfobia.",0,"You said memories become stories when we forget them. Maybe some of them become songs.








       🍁 page one  🎶 Gryffindor 🦁 INFP * she/her",0,0,0.9998282,True
"@USER @USER se sei cis non puoi sicuramente riconoscere la transfobia come una persona trans perché non l’hai mai provata sulla tua pelle, e dovresti ascoltare cosa hanno da dire le persone trans",0,⋆.*ೃ❀ fai ; they ; bun ; sheˎˊ˗,0,0,0.9998179,True
"ah e vorrei solo ricordare alle terf che il pride esiste grazie ad una donna trans, abbiamo iniziato ad evere dei diritti grazie a molte donne trans e persone lgbt in generale, shut the hell up",0,"he / they, queer • 
antifa •
anticapitalist •
 acab • 
leo • 
artist •",0,0,0.9998234,True
nel primo episodio della nuova stagione di Queer Eye i sottotitoli italiani misgenderano un uomo trans @USER che dite rimediamo? (visto che non è neanche la prima volta che fate errori di questo tipo),0,you can want who you want boys and boys and girls and girls | 24 • infp • feminist |,0,0,0.99983037,True
@USER Gli viene la mirabolante idea di organizzare un seminario a favore dei diritti dei trans in un Paese come quello. Vorrei vedere lo stesso interesse del nostro governo a favore dei pescatori di Mazara illegalmente detenuti.....,0,"Fatti non foste per viver come bruti, ma per seguir virtute et canoscenza.
(Dante Alighieri)",0,0,0.99983215,True
"Per inciso: il “frocio di m.” era il paziente che stava operando e già in anestesia totale #omofobia #7luglio

“Guardate se devo operare sto frocio di m...”: sospeso primario nel Varesotto URL",0,"Antifascista, contro omofobia, xenofobia, misoginia, antisemitismo, antisionismo. No BdS. Profilo Salvini Free. ""Sono una piccola ape furibonda"", Alda Merini",0,0,0.99964964,True
@USER La Legge che serve è contro la #famigliafobia Gay e trans   nascono dalla famiglia! #NO_GAYSTAPO Andremo in galera a milioni ma gridando VIVA LA FAMIGLIA!,0,"Essere quel che si è, è il modo migliore per essere chi sei. Sono quella che sono! 🙆 #NoMuslim #NoRinnegati  👸free soul girl👭 #iostoconSalvini",0,0,0.999803,True
Ho rifinito meglio il disegno di beidou fatta ieri e mi sono sentita attaccata nel senso che sono più lella ora,1,She/her 🏳️‍🌈 || sottona per thoma ||                                 || genshin e gay stuff || proud kokomi haver e zhongli C1 main || side acc @/arsworIdx,1,1,0.9993616,True
"@USER @USER -""guidare"" la lotta, e ci sono problematiche che riguardano solo la donna trans e per le quali la donna trans deve guidare la lotta. È vero che ci sono tanti punti in comune ma fondamentalmente nonostante siamo tutte donne restano comunque due lotte diverse nella pratica. +",0,"a colazione mangio rimorsi e frutta di stagione, e di stagione in stagione mangio rimorsi a colazione",0,0,0.9998323,True
"@USER ci stanno provando, in effetti

se una persona trans ti dice ""transfobia é negare gli attributi di genere maschile o femminile in una persona trans"" e tu rispondi ""eh ma il genere non esiste""...

weird hill to die on but at least you're dead",0,COMMISSIONS ARE OPEN - he/they - ITA/ENG,0,0,0.99982905,True
"@USER @USER Non vedo dove sia la transfobia, solo se sei una """"""donna"""""" trans non meriti di essere inclusa nel femminismo, se sei un u-parola non puoi dire niente, se sei un u-parola trans allora sei una traditrice della patria, se sei bisessuale sei una morta di c4zz0, se... però siamo",0,"📚 🎭 🎨 👩🏼‍🏫
Fat. Polya. Autistic. Queer. Genderfuck. Any pronoun.
Faccio paura anche a Satana.
TERF&SWERF dni.",0,0,0.9998234,True
